source_index,value,target_qps,idle_enabled,sleep_us,bud,reported_sustain_pct,achieved_qps,p50_us,p99_us,p999_us,max_us,send_lag_p99_us,scheduled,dispatched,completed,shed,client_cpu_user_pct,client_cpu_sys_pct,client_cpu_pct,server_cpu_user_pct,server_cpu_sys_pct,server_cpu_pct,client_rss_kb,server_rss_kb,retry,status,total_cpu_pct,used_cores,quota_occupancy_pct,qps_per_used_core,target_sustained
1,1600 × Falsex0xFalsex0 × 0x0,1600,False,0,0,100,1600,80.7,224,297.9,5000,11809,23420,23420,23420,0,289.9,109.4,399.3,273.7,95.2,368.9,246340,19084,1,✅,768.2,7.682,64.0166666667,208.279093986,True
2,1600 × Falsex0xFalsex0 × 1x1,1600,False,0,1,100,1600,85.8,231.1,353.9,9000,11949,23415,23415,23415,0,291.1,108.5,399.5,272.4,96.6,369,254380,19084,1,✅,768.5,7.685,64.0416666667,208.197787899,True
3,1600 × Falsex0xFalsex0 × 16x16,1600,False,0,16,100,1600,81.2,229.8,297.6,8100,11761,23419,23419,23419,0,292.1,107.1,399.2,272.2,96.7,368.9,260852,19088,1,✅,768.1,7.681,64.0083333333,208.306210129,True
4,1600 × Falsex0xFalsex0 × 256x256,1600,False,0,256,100,1600,84.1,222,295.6,9100,11993,23416,23416,23416,0,289.5,109.2,398.8,271.8,97.1,368.9,262580,19088,1,✅,767.7,7.677,63.975,208.414745343,True
5,1600 × Truex1xTruex1 × 0x0,1600,True,1,0,100,1600,57.1,99.7,174.3,200,98.5,23416,23416,23416,0,15.9,264.8,280.7,58,128.6,186.6,255100,19084,1,✅,467.3,4.673,38.9416666667,342.392467366,True
6,1600 × Truex1xTruex1 × 1x1,1600,True,1,1,100,1600,56,99.5,163.5,200,98.6,23416,23416,23416,0,16.6,264.4,280.9,55.5,131.7,187.2,273144,19084,1,✅,468.1,4.681,39.0083333333,341.807306131,True
7,1600 × Truex1xTruex1 × 16x16,1600,True,1,16,100,1600,51.5,99.5,161.9,200,98.8,23416,23416,23416,0,193.1,170,363.1,187.6,113.8,301.3,241828,19072,1,✅,664.4,6.644,55.3666666667,240.818783865,True
8,1600 × Truex1xTruex1 × 256x256,1600,True,1,256,100,1600,41.3,196.6,288.9,400,422.9,23416,23416,23416,0,285.3,111.3,396.6,266.2,96.7,363,275972,19088,1,✅,759.6,7.596,63.3,210.637177462,True
9,1600 × Truex10xTruex10 × 0x0,1600,True,10,0,100,1600,63.1,122.5,192.8,400,99.6,23416,23416,23416,0,25.4,63.8,89.2,7.5,40,47.5,252680,19072,1,✅,136.7,1.367,11.3916666667,1170.44623263,True
10,1600 × Truex10xTruex10 × 1x1,1600,True,10,1,100,1600,62.5,113.1,193.1,400,99.4,23416,23416,23416,0,23.7,65.1,88.8,7.2,40.2,47.4,255972,19088,1,✅,136.2,1.362,11.35,1174.74302496,True
11,1600 × Truex10xTruex10 × 16x16,1600,True,10,16,100,1600,59.2,111.1,190.1,200,99.9,23416,23416,23416,0,209.4,112.5,321.9,98.8,51.3,150,273624,19072,1,✅,471.9,4.719,39.325,339.054884509,True
12,1600 × Truex10xTruex10 × 256x256,1600,True,10,256,100,1600,44.1,205.2,298.4,1200,418.2,23416,23416,23416,0,290.5,105.8,396.4,245.9,88.1,334,253932,19088,1,✅,730.4,7.304,60.8666666667,219.058050383,True
13,1600 × Truex100xTruex100 × 0x0,1600,True,100,0,100,1600,143.8,285.8,298.7,400,98.9,23416,23416,23416,0,5.5,9,14.6,1.7,4.5,6.2,272704,19084,1,✅,20.8,0.208,1.73333333333,7692.30769231,True
14,1600 × Truex100xTruex100 × 1x1,1600,True,100,1,100,1600,147.5,288.1,298.8,300,99,23416,23416,23416,0,6,8.6,14.5,1.6,4.6,6.2,249516,19088,1,✅,20.7,0.207,1.725,7729.46859903,True
15,1600 × Truex100xTruex100 × 16x16,1600,True,100,16,100,1600,141.8,277.1,297.9,1100,99.2,23416,23416,23416,0,38.9,16.4,55.3,14.9,10.6,25.4,284648,19068,1,✅,80.7,0.807,6.725,1982.65179678,True
16,1600 × Truex100xTruex100 × 256x256,1600,True,100,256,100,1600,87.1,302.1,397.7,600,398.9,23416,23416,23416,0,286.8,107.1,393.9,138.1,48.3,186.4,247260,19084,1,✅,580.3,5.803,48.3583333333,275.719455454,True
17,16000 × Falsex0xFalsex0 × 0x0,16000,False,0,0,100,16100,565,972.7,1209,9300,11820,241374,241374,241374,0,289.1,110,399.1,271.4,97.5,369,256904,19088,1,✅,768.1,7.681,64.0083333333,2096.08123942,True
18,16000 × Falsex0xFalsex0 × 1x1,16000,False,0,1,99.7,16000,585.5,1323,12954,13100,19264,241354,240613,240613,741,285.1,110.7,395.8,272.6,96.2,368.9,274884,19088,1,✅,764.7,7.647,63.725,2092.32378711,True
19,16000 × Falsex0xFalsex0 × 16x16,16000,False,0,16,100,16100,499,1066,1313,5900,11754,241346,241346,241346,0,288.1,111.1,399.2,272.8,96.1,368.9,257580,19084,1,✅,768.1,7.681,64.0083333333,2096.08123942,True
20,16000 × Falsex0xFalsex0 × 256x256,16000,False,0,256,100,16100,500.8,1060,1270,9500,11751,241340,241340,241340,0,290.3,108.8,399.1,272.8,96.1,368.9,272288,19088,1,✅,768,7.68,64,2096.35416667,True
21,16000 × Truex1xTruex1 × 0x0,16000,True,1,0,100,16100,56.7,196.2,1210,2100,245,241372,241372,241372,0,30.7,262.4,293.1,60.2,129.5,189.7,228208,19080,1,✅,482.8,4.828,40.2333333333,3334.71416736,True
22,16000 × Truex1xTruex1 × 1x1,16000,True,1,1,100,16100,62.8,184.8,877.3,1600,99.1,241372,241372,241372,0,36.9,255.6,292.5,61.1,128.7,189.9,258216,19088,1,✅,482.4,4.824,40.2,3337.47927032,True
23,16000 × Truex1xTruex1 × 16x16,16000,True,1,16,100,16100,53,110.7,190.2,300,98.7,241371,241371,241371,0,208.9,157.8,366.8,188.4,113.8,302.2,267640,19088,1,✅,669,6.69,55.75,2406.57698057,True
24,16000 × Truex1xTruex1 × 256x256,16000,True,1,256,100,16100,57.3,292.2,496,1400,520.6,241368,241368,241368,0,294.5,102,396.5,268.6,94.5,363.1,272024,19084,1,✅,759.6,7.596,63.3,2119.53659821,True
25,16000 × Truex10xTruex10 × 0x0,16000,True,10,0,100,16100,64.2,173.5,197.8,1100,99.1,241368,241368,241368,0,70.4,62.9,133.3,13.9,39.5,53.4,235548,19084,1,✅,186.7,1.867,15.5583333333,8623.46009641,True
26,16000 × Truex10xTruex10 × 1x1,16000,True,10,1,100,16100,70.5,189.8,203.8,1300,100.5,241368,241368,241368,0,66.7,62.5,129.2,13.7,39.4,53.1,268184,19084,1,✅,182.3,1.823,15.1916666667,8831.59626988,True
27,16000 × Truex10xTruex10 × 16x16,16000,True,10,16,100,16100,63.9,180.5,199,1100,100,241372,241372,241372,0,226.2,104.8,330.9,104.5,50.1,154.6,254148,19076,1,✅,485.5,4.855,40.4583333333,3316.16889804,True
28,16000 × Truex10xTruex10 × 256x256,16000,True,10,256,100,16100,54.4,261.2,403.4,800,458.9,241370,241370,241370,0,295.6,100.7,396.3,247.7,87.7,335.4,252596,19072,1,✅,731.7,7.317,60.975,2200.35533689,True
29,16000 × Truex100xTruex100 × 0x0,16000,True,100,0,100,16100,152,292.3,301.1,1200,99.4,241369,241369,241369,0,41.8,12.4,54.3,7.6,4.5,12.1,299500,19088,1,✅,66.4,0.664,5.53333333333,24246.9879518,True
30,16000 × Truex100xTruex100 × 1x1,16000,True,100,1,100,16100,157.1,296.6,376.6,1200,99.2,241368,241368,241368,0,42.2,12.1,54.3,8.5,4.5,13,252428,19084,1,✅,67.3,0.673,5.60833333333,23922.7340267,True
31,16000 × Truex100xTruex100 × 16x16,16000,True,100,16,100,16100,146.8,288.7,313.2,1000,99,241372,241372,241372,0,76.7,21.9,98.7,21.2,9.7,30.9,239300,19088,1,✅,129.6,1.296,10.8,12422.8395062,True
32,16000 × Truex100xTruex100 × 256x256,16000,True,100,256,100,16100,93.7,411.5,576.9,1000,839.3,241371,241371,241371,0,295.6,99.8,395.5,143.3,48.7,192.1,260152,19088,1,✅,587.6,5.876,48.9666666667,2739.95915589,True
33,40000 × Falsex0xFalsex0 × 0x0,40000,False,0,0,100,40200,1444,2462,2727,8800,11717,602837,602837,602837,0,292.5,106.8,399.3,273.7,95.3,369,262744,19076,1,✅,768.3,7.683,64.025,5232.33112066,True
34,40000 × Falsex0xFalsex0 × 1x1,40000,False,0,1,99.2,39900,1411,2395,13023,21600,17599,602912,597955,597955,4957,284.5,111.5,395.9,272,97,369,238992,19088,1,✅,764.9,7.649,63.7416666667,5216.3681527,False
35,40000 × Falsex0xFalsex0 × 16x16,40000,False,0,16,100,40200,1205,2492,3063,9200,11812,602833,602833,602833,0,292.8,106.5,399.3,272.1,96.8,368.9,284400,19084,1,✅,768.2,7.682,64.0166666667,5233.0122364,True
36,40000 × Falsex0xFalsex0 × 256x256,40000,False,0,256,100,40200,1201,2593,4279,11900,12295,602946,602946,602946,0,288.6,110.6,399.1,272.7,96.2,368.9,271064,19088,1,✅,768,7.68,64,5234.375,True
37,40000 × Truex1xTruex1 × 0x0,40000,True,1,0,100,40200,77.7,264,1095,3400,99.4,603040,603040,603040,0,71.4,239.4,310.9,69.7,126.3,195.9,242608,19080,1,✅,506.8,5.068,42.2333333333,7932.12312549,True
38,40000 × Truex1xTruex1 × 1x1,40000,True,1,1,100,40200,74.8,248.5,1738,4100,99.5,603040,603040,603040,0,71.1,239.4,310.5,74.1,121.7,195.9,274320,19084,1,✅,506.4,5.064,42.2,7938.38862559,True
39,40000 × Truex1xTruex1 × 16x16,40000,True,1,16,99.8,40100,74.5,203.2,2574,28600,177.5,603040,601806,601806,1234,230.6,138,368.6,194.9,109.3,304.2,258196,19088,1,✅,672.8,6.728,56.0666666667,5960.16646849,True
40,40000 × Truex1xTruex1 × 256x256,40000,True,1,256,100,40200,83.6,530.5,1929,5100,579.9,603034,603034,603034,0,303,93.9,396.9,270.1,93.4,363.4,252840,19084,1,✅,760.3,7.603,63.3583333333,5287.38655794,True
41,40000 × Truex10xTruex10 × 0x0,40000,True,10,0,100,40200,84.8,225.9,303.5,1600,124.8,603040,603040,603040,0,119.1,64.8,183.9,23.2,38.5,61.7,290344,19088,1,✅,245.6,2.456,20.4666666667,16368.0781759,True
42,40000 × Truex10xTruex10 × 1x1,40000,True,10,1,100,40200,82.8,226.8,384.7,72100,129,603040,602800,602800,240,120.2,62.2,182.4,22.4,39,61.4,246976,19072,1,✅,243.8,2.438,20.3166666667,16488.9253486,True
43,40000 × Truex10xTruex10 × 16x16,40000,True,10,16,100,40200,78.5,210.1,292.8,1400,158.3,603040,603040,603040,0,244.2,100.2,344.4,112,48.3,160.3,272320,19088,1,✅,504.7,5.047,42.0583333333,7965.12779869,True
44,40000 × Truex10xTruex10 × 256x256,40000,True,10,256,100,40200,87.2,527.6,894.7,2000,733.9,603030,603030,603030,0,303.7,93.2,396.9,252.2,84.4,336.6,267152,19076,1,✅,733.5,7.335,61.125,5480.57259714,True
45,40000 × Truex100xTruex100 × 0x0,40000,True,100,0,100,40200,164.6,301.4,392.1,1600,109.2,603040,603040,603040,0,98.1,16.2,114.2,16.1,5,21.2,238912,19088,1,✅,135.4,1.354,11.2833333333,29689.8079764,True
46,40000 × Truex100xTruex100 × 1x1,40000,True,100,1,100,40200,165.7,305.2,393.9,1500,114,603040,603040,603040,0,95.3,18.1,113.4,17,4.8,21.8,238360,19084,1,✅,135.2,1.352,11.2666666667,29733.7278107,True
47,40000 × Truex100xTruex100 × 16x16,40000,True,100,16,99.8,40100,158.8,311.1,398.5,250000,116.4,603040,601993,601993,1047,126.3,28.4,154.7,30.9,9.1,40,263996,19076,1,✅,194.7,1.947,16.225,20595.7883924,True
48,40000 × Truex100xTruex100 × 256x256,40000,True,100,256,100,40200,141.5,683.6,1103,1800,1622,603035,603035,603035,0,304.2,92.6,396.8,148.2,48.3,196.5,253268,19084,1,✅,593.3,5.933,49.4416666667,6775.66155402,True
49,80000 × Falsex0xFalsex0 × 0x0,80000,False,0,0,99.9,80000,2310,12468,13594,25600,12614,1201677,1200271,1200271,1406,295.6,103.6,399.2,281.3,87.5,368.8,237412,19084,1,✅,768,7.68,64,10416.6666667,True
50,80000 × Falsex0xFalsex0 × 1x1,80000,False,0,1,99.9,80000,2498,13133,13671,17800,11616,1201604,1200741,1200741,863,294.5,104.6,399.1,281.6,87.1,368.7,248668,19088,1,✅,767.8,7.678,63.9833333333,10419.3800469,True
51,80000 × Falsex0xFalsex0 × 16x16,80000,False,0,16,99.9,80000,2493,13154,13661,20200,11604,1201500,1200581,1200581,919,296.5,102.5,399.1,284.1,84.9,369,278100,19084,1,✅,768.1,7.681,64.0083333333,10415.3105064,True
52,80000 × Falsex0xFalsex0 × 256x256,80000,False,0,256,99.8,79900,2285,15907,17672,22800,15275,1201400,1199215,1199215,2185,296.9,102.4,399.2,280.1,88.8,368.9,245844,19072,1,✅,768.1,7.681,64.0083333333,10402.2913683,True
53,80000 × Truex1xTruex1 × 0x0,80000,True,1,0,100,80100,110.2,1352,7446,11100,177.7,1201880,1201880,1201880,0,138.8,198.8,337.6,79.4,123,202.5,253328,19084,1,✅,540.1,5.401,45.0083333333,14830.5869283,True
54,80000 × Truex1xTruex1 × 1x1,80000,True,1,1,100,80100,103.2,1244,5980,10300,190.2,1201879,1201879,1201879,0,143.9,193.4,337.4,77.8,124.7,202.4,258216,19088,1,✅,539.8,5.398,44.9833333333,14838.829196,True
55,80000 × Truex1xTruex1 × 16x16,80000,True,1,16,100,80100,97.2,392.8,1837,3800,193,1201878,1201878,1201878,0,267.3,111.5,378.8,201.3,105.3,306.7,287316,19088,1,✅,685.5,6.855,57.125,11684.9015317,True
56,80000 × Truex1xTruex1 × 256x256,80000,True,1,256,100,80100,176.3,1473,4271,10200,1110,1201868,1201868,1201868,0,319.5,78,397.6,274,89.6,363.6,260576,19080,1,✅,761.2,7.612,63.4333333333,10522.8586442,True
57,80000 × Truex10xTruex10 × 0x0,80000,True,10,0,100,80100,111.6,338.3,496.5,2000,182.3,1201877,1201877,1201877,0,194.2,61.9,256.1,36.1,38,74.2,251680,19088,1,✅,330.3,3.303,27.525,24250.6811989,True
58,80000 × Truex10xTruex10 × 1x1,80000,True,10,1,100,80100,117.3,361.6,584.6,2500,182.2,1201880,1201880,1201880,0,195.5,60.1,255.6,38.3,36.7,75,237324,19084,1,✅,330.6,3.306,27.55,24228.6751361,True
59,80000 × Truex10xTruex10 × 16x16,80000,True,10,16,100,80100,109,329.7,487.6,2400,188.3,1201869,1201869,1201869,0,281.9,80.2,362.1,120.4,47.9,168.3,269060,19084,1,✅,530.4,5.304,44.2,15101.8099548,True
60,80000 × Truex10xTruex10 × 256x256,80000,True,10,256,99.7,79900,184.7,1834,5300,43000,2545,1201853,1198726,1198726,3127,317.6,76.8,394.4,255.9,81.8,337.7,227552,19080,1,✅,732.1,7.321,61.0083333333,10913.8095889,True
61,80000 × Truex100xTruex100 × 0x0,80000,True,100,0,100,80100,197.2,430.6,557.9,1700,179.4,1201880,1201880,1201880,0,176.3,22.6,198.9,31.3,4.6,36,262672,19084,1,✅,234.9,2.349,19.575,34099.6168582,True
62,80000 × Truex100xTruex100 × 1x1,80000,True,100,1,100,80100,192.9,426.6,561.2,2200,178.1,1201880,1201880,1201880,0,175.5,24.5,200.1,31.7,4.5,36.2,234836,19088,1,✅,236.3,2.363,19.6916666667,33897.5878121,True
63,80000 × Truex100xTruex100 × 16x16,80000,True,100,16,100,80100,183.5,400.9,515.4,1600,180.4,1201877,1201877,1201877,0,204.4,34.1,238.6,44.3,9.6,53.9,248960,19080,1,✅,292.5,2.925,24.375,27384.6153846,True
64,80000 × Truex100xTruex100 × 256x256,80000,True,100,256,100,80100,272.3,2114,4056,5600,2700,1201841,1201841,1201841,0,323.5,74.1,397.6,156.3,46.4,202.7,275800,19084,1,✅,600.3,6.003,50.025,13343.3283358,True
65,152000 × Falsex0xFalsex0 × 0x0,152000,False,0,0,82.3,125300,3524,16379,21495,60800,13776,2282964,1879514,1879514,403450,303,92.7,395.7,284.8,84.2,369,227596,19084,1,✅,764.7,7.647,63.725,16385.5106578,False
66,152000 × Falsex0xFalsex0 × 1x1,152000,False,0,1,81.9,124700,3441,13747,17218,25500,11478,2283088,1869961,1869961,413127,304.3,94.7,399,286.6,82.2,368.8,243052,19088,1,✅,767.8,7.678,63.9833333333,16241.2086481,False
67,152000 × Falsex0xFalsex0 × 16x16,152000,False,0,16,82.3,125200,3501,13671,21513,28800,13130,2283075,1877835,1877835,405240,305,94,399,286.6,82.5,369.1,239536,19080,1,✅,768.1,7.681,64.0083333333,16299.9609426,False
68,152000 × Falsex0xFalsex0 × 256x256,152000,False,0,256,82,124900,3414,13771,17558,25400,11465,2283175,1873338,1873338,409837,303.1,95.9,399,285,83.8,368.8,245032,19088,1,✅,767.8,7.678,63.9833333333,16267.2570982,False
69,152000 × Truex1xTruex1 × 0x0,152000,True,1,0,91.6,139500,2816,18471,20018,177400,5279,2283732,2092396,2092396,191336,273.3,92.1,365.4,105.8,107.8,213.6,240624,19088,1,✅,579,5.79,48.25,24093.2642487,False
70,152000 × Truex1xTruex1 × 1x1,152000,True,1,1,94.4,143700,650.4,18400,18587,20800,371.3,2283728,2154894,2154894,128834,278.2,93.2,371.4,100.9,112.2,213.1,284348,19084,1,✅,584.5,5.845,48.7083333333,24585.1154833,False
71,152000 × Truex1xTruex1 × 16x16,152000,True,1,16,99.9,152100,361.1,5010,17662,18200,340.6,2283733,2282039,2282039,1694,335.9,53.1,389,212.8,98.2,311,264192,19084,1,✅,700,7,58.3333333333,21728.5714286,True
72,152000 × Truex1xTruex1 × 256x256,152000,True,1,256,99.8,151900,888.6,7321,9634,15400,3411,2283723,2278418,2278418,5305,351.6,46.4,398,281.8,82.2,363.9,293420,19088,1,✅,761.9,7.619,63.4916666667,19936.9996062,True
73,152000 × Truex10xTruex10 × 0x0,152000,True,10,0,99.6,151700,423,14511,19942,20500,391.9,2283729,2274960,2274960,8769,305.9,42.8,348.6,57.8,37,94.8,294540,19088,1,✅,443.4,4.434,36.95,34212.9003157,True
74,152000 × Truex10xTruex10 × 1x1,152000,True,10,1,98.9,150600,459.2,14570,14827,16200,390.2,2283731,2259295,2259295,24436,305.8,40.7,346.5,59.8,35.9,95.7,280696,19088,1,✅,442.2,4.422,36.85,34056.9877883,False
75,152000 × Truex10xTruex10 × 16x16,152000,True,10,16,99.5,151400,393.2,15551,15747,16400,336.8,2283731,2271488,2271488,12243,339.4,45.4,384.7,138.3,44.2,182.5,292824,19088,1,✅,567.2,5.672,47.2666666667,26692.5246827,True
76,152000 × Truex10xTruex10 × 256x256,152000,True,10,256,99.9,152000,917.7,6293,13601,19000,3204,2283571,2280577,2280577,2994,355.3,42.8,398.1,263,76.1,339,291472,19088,1,✅,737.1,7.371,61.425,20621.3539547,True
77,152000 × Truex100xTruex100 × 0x0,152000,True,100,0,100,152200,502,1848,2490,3100,278.2,2283728,2283728,2283728,0,303.6,25.2,328.8,55,4.9,59.9,261464,19088,1,✅,388.7,3.887,32.3916666667,39156.1615642,True
78,152000 × Truex100xTruex100 × 1x1,152000,True,100,1,100,152200,491.4,1849,2505,3200,286.1,2283731,2283731,2283731,0,302.1,27.7,329.8,55.1,4.8,59.9,297620,19088,1,✅,389.7,3.897,32.475,39055.6838594,True
79,152000 × Truex100xTruex100 × 16x16,152000,True,100,16,99.8,151900,455.3,1633,2282,161300,321.4,2283730,2278270,2278270,5460,317.9,32.9,350.8,65.6,10.1,75.8,259856,19088,1,✅,426.6,4.266,35.55,35607.1261135,True
80,152000 × Truex100xTruex100 × 256x256,152000,True,100,256,99.9,152100,894,13053,13783,14700,1601,2283700,2281218,2281218,2482,352.2,45.9,398.1,169.1,42.2,211.3,259672,19084,1,✅,609.4,6.094,50.7833333333,24958.976042,True
