source_index,value,target_qps,bud,sleep_us,concurrency,body_bytes,cost_reported,tps,tp99_us,tp999_us,client_cpu_pct,server_cpu_pct,total_cpu_pct,used_cores,qps_per_used_core,attainment_pct,target_sustained,is_pareto,client_rss_kb,server_rss_kb,retry,status,partial
1,7700 × 0x0 × 1x1x1x1,7700,0,1,128,1024,0,7700.0,1200.0,1780.0,156.2,172.5,328.7,3.287,2342.5616063279585,100.0,True,False,83968,65536,1,OK,False
2,7700 × 0x0 × 10x10x10x10,7700,0,10,128,1024,0,7700.0,1380.0,1790.0,135.8,164.8,300.6,3.0060000000000002,2561.543579507651,100.0,True,False,79872,59392,1,OK,False
3,7700 × 0x0 × 100x100x100x100,7700,0,100,128,1024,0,7700.0,1310.0,1970.0,127.6,151.0,278.6,2.786,2763.819095477387,100.0,True,False,75776,65536,1,OK,False
4,7700 × 0x0 × 1000x1000x1000x1000,7700,0,1000,128,1024,0,7700.0,3240.0,3270.0,103.9,125.4,229.3,2.293,3358.046227649367,100.0,True,False,89088,65536,1,OK,False
5,7700 × 0x0 × 10000x10000x10000x10000,7700,0,10000,128,1024,0,7700.0,19320.0,20430.0,26.3,32.6,58.900000000000006,0.5890000000000001,13073.005093378606,100.0,True,False,81920,61440,1,OK,False
6,7700 × 1x1 × 1x1x1x1,7700,1,1,128,1024,0,7700.0,1460.0,2070.0,41.3,56.4,97.69999999999999,0.9769999999999999,7881.2691914022525,100.0,True,False,89088,62464,1,OK,False
7,7700 × 1x1 × 10x10x10x10,7700,1,10,128,1024,0,7700.0,1160.0,1210.0,12.7,10.7,23.4,0.23399999999999999,32905.982905982906,100.0,True,False,75776,57344,1,OK,False
8,7700 × 1x1 × 100x100x100x100,7700,1,100,128,1024,0,7700.0,1150.0,2160.0,11.7,10.0,21.7,0.217,35483.87096774194,100.0,True,True,76800,61440,1,OK,False
9,7700 × 1x1 × 1000x1000x1000x1000,7700,1,1000,128,1024,0,7700.0,1150.0,2170.0,11.9,10.0,21.9,0.21899999999999997,35159.817351598176,100.0,True,False,81920,59392,1,OK,False
10,7700 × 1x1 × 10000x10000x10000x10000,7700,1,10000,128,1024,0,7700.0,19260.0,20230.0,11.2,0.0,11.2,0.11199999999999999,68750.0,100.0,True,True,87040,63488,1,OK,False
11,7700 × 16x16 × 1x1x1x1,7700,16,1,128,1024,0,7700.0,1750.0,2240.0,41.6,57.6,99.2,0.992,7762.096774193548,100.0,True,False,81920,63488,1,OK,False
12,7700 × 16x16 × 10x10x10x10,7700,16,10,128,1024,0,7700.0,1150.0,1180.0,16.9,14.1,31.0,0.31,24838.709677419356,100.0,True,False,82944,61440,1,OK,False
13,7700 × 16x16 × 100x100x100x100,7700,16,100,128,1024,0,7700.0,1150.0,2160.0,16.0,13.1,29.1,0.29100000000000004,26460.481099656354,100.0,True,False,83968,62464,1,OK,False
14,7700 × 16x16 × 1000x1000x1000x1000,7700,16,1000,128,1024,0,7700.0,1150.0,2170.0,15.7,13.0,28.7,0.287,26829.26829268293,100.0,True,False,76800,59392,1,OK,False
15,7700 × 16x16 × 10000x10000x10000x10000,7700,16,10000,128,1024,0,7700.0,19240.0,20220.0,11.3,0.0,11.3,0.113,68141.59292035399,100.0,True,True,94208,64512,1,OK,False
16,7700 × 256x256 × 1x1x1x1,7700,256,1,128,1024,0,7700.0,1210.0,1790.0,149.4,163.4,312.8,3.128,2461.6368286445013,100.0,True,False,78848,66560,1,OK,False
17,7700 × 256x256 × 10x10x10x10,7700,256,10,128,1024,0,7700.0,1480.0,1810.0,86.6,93.7,180.3,1.8030000000000002,4270.660011092623,100.0,True,False,86016,60416,1,OK,False
18,7700 × 256x256 × 100x100x100x100,7700,256,100,128,1024,0,7700.0,1320.0,2020.0,131.9,157.7,289.6,2.8960000000000004,2658.8397790055246,100.0,True,False,77824,61440,1,OK,False
19,7700 × 256x256 × 1000x1000x1000x1000,7700,256,1000,128,1024,0,7700.0,3240.0,3270.0,102.8,126.7,229.5,2.295,3355.119825708061,100.0,True,False,82944,60416,1,OK,False
20,7700 × 256x256 × 10000x10000x10000x10000,7700,256,10000,128,1024,0,7700.0,19450.0,20540.0,25.0,30.0,55.0,0.55,13999.999999999998,100.0,True,False,78848,64512,1,OK,False
21,7700 × 1024x1024 × 1x1x1x1,7700,1024,1,128,1024,0,7700.0,20.0,60.0,204.3,195.0,399.3,3.9930000000000003,1928.3746556473827,100.0,True,False,84992,62464,1,OK,False
22,7700 × 1024x1024 × 10x10x10x10,7700,1024,10,128,1024,0,7700.0,20.0,30.0,177.0,176.6,353.6,3.536,2177.601809954751,100.0,True,False,79872,61440,1,OK,False
23,7700 × 1024x1024 × 100x100x100x100,7700,1024,100,128,1024,0,7700.0,20.0,40.0,164.0,161.7,325.7,3.2569999999999997,2364.13877801658,100.0,True,False,78848,64512,1,OK,False
24,7700 × 1024x1024 × 1000x1000x1000x1000,7700,1024,1000,128,1024,0,7700.0,20.0,60.0,161.1,159.3,320.4,3.2039999999999997,2403.2459425717857,100.0,True,False,89088,62464,1,OK,False
25,7700 × 1024x1024 × 10000x10000x10000x10000,7700,1024,10000,128,1024,0,7700.0,20.0,8880.0,160.5,158.9,319.4,3.194,2410.7701941139635,100.0,True,True,91136,65536,1,OK,False
26,77000 × 0x0 × 1x1x1x1,77000,0,1,128,1024,0,77000.0,40.0,110.0,338.4,312.5,650.9,6.5089999999999995,11829.774158856968,100.0,True,False,100352,69632,1,OK,False
27,77000 × 0x0 × 10x10x10x10,77000,0,10,128,1024,0,77000.0,40.0,350.0,302.6,287.9,590.5,5.905,13039.796782387806,100.0,True,False,98304,64512,1,OK,False
28,77000 × 0x0 × 100x100x100x100,77000,0,100,128,1024,0,77000.0,130.0,1280.0,285.8,272.6,558.4000000000001,5.5840000000000005,13789.39828080229,100.0,True,False,99328,69632,1,OK,False
29,77000 × 0x0 × 1000x1000x1000x1000,77000,0,1000,128,1024,0,76900.0,2110.0,2460.0,204.7,182.2,386.9,3.8689999999999998,19875.936934608428,99.87012987012987,True,False,97280,70656,1,OK,False
30,77000 × 0x0 × 10000x10000x10000x10000,77000,0,10000,128,1024,0,16400.0,20590.0,20750.0,37.2,32.6,69.80000000000001,0.6980000000000001,23495.702005730658,21.2987012987013,False,False,95232,62464,1,OK,False
31,77000 × 1x1 × 1x1x1x1,77000,1,1,128,1024,0,77000.0,1390.0,2050.0,106.7,106.5,213.2,2.1319999999999997,36116.32270168856,100.0,True,False,100352,69632,1,OK,False
32,77000 × 1x1 × 10x10x10x10,77000,1,10,128,1024,0,77000.0,1360.0,2180.0,91.1,71.3,162.39999999999998,1.6239999999999997,47413.79310344828,100.0,True,False,99328,65536,1,OK,False
33,77000 × 1x1 × 100x100x100x100,77000,1,100,128,1024,0,77000.0,2290.0,2380.0,88.6,68.5,157.1,1.571,49013.367281986,100.0,True,True,96256,63488,1,OK,False
34,77000 × 1x1 × 1000x1000x1000x1000,77000,1,1000,128,1024,0,77000.0,2330.0,2410.0,88.6,68.7,157.3,1.5730000000000002,48951.04895104894,100.0,True,False,97280,65536,1,OK,False
35,77000 × 1x1 × 10000x10000x10000x10000,77000,1,10000,128,1024,0,12400.0,10470.0,20500.0,14.5,12.3,26.8,0.268,46268.65671641791,16.103896103896105,False,False,88064,64512,1,OK,False
36,77000 × 16x16 × 1x1x1x1,77000,16,1,128,1024,0,77000.0,1390.0,2050.0,108.8,115.3,224.1,2.241,34359.660865684964,100.0,True,False,99328,60416,1,OK,False
37,77000 × 16x16 × 10x10x10x10,77000,16,10,128,1024,0,77000.0,1350.0,1890.0,91.1,75.0,166.1,1.661,46357.615894039736,100.0,True,False,99328,67584,1,OK,False
38,77000 × 16x16 × 100x100x100x100,77000,16,100,128,1024,0,77000.0,1320.0,2210.0,87.7,72.2,159.9,1.599,48155.09693558474,100.0,True,False,101376,72704,1,OK,False
39,77000 × 16x16 × 1000x1000x1000x1000,77000,16,1000,128,1024,0,77000.0,1320.0,2340.0,87.6,72.2,159.8,1.598,48185.231539424276,100.0,True,True,104448,71680,1,OK,False
40,77000 × 16x16 × 10000x10000x10000x10000,77000,16,10000,128,1024,0,12500.0,10480.0,20300.0,15.0,12.6,27.6,0.276,45289.85507246376,16.233766233766232,False,False,91136,63488,1,OK,False
41,77000 × 256x256 × 1x1x1x1,77000,256,1,128,1024,0,77000.0,40.0,130.0,319.1,293.8,612.9000000000001,6.129000000000001,12563.224016968508,100.0,True,False,101376,63488,1,OK,False
42,77000 × 256x256 × 10x10x10x10,77000,256,10,128,1024,0,77000.0,40.0,1270.0,293.0,278.8,571.8,5.718,13466.246939489332,100.0,True,True,102400,67584,1,OK,False
43,77000 × 256x256 × 100x100x100x100,77000,256,100,128,1024,0,77000.0,110.0,260.0,282.9,269.0,551.9,5.519,13951.80286283747,100.0,True,True,92160,70656,1,OK,False
44,77000 × 256x256 × 1000x1000x1000x1000,77000,256,1000,128,1024,0,76900.0,2130.0,2470.0,206.7,184.6,391.29999999999995,3.9129999999999994,19652.440582673145,99.87012987012987,True,False,96256,70656,1,OK,False
45,77000 × 256x256 × 10000x10000x10000x10000,77000,256,10000,128,1024,0,13500.0,11400.0,20670.0,33.0,32.7,65.7,0.657,20547.945205479453,17.532467532467532,False,False,90112,63488,1,OK,False
46,77000 × 1024x1024 × 1x1x1x1,77000,1024,1,128,1024,0,77000.0,30.0,90.0,390.6,366.9,757.5,7.575,10165.016501650165,100.0,True,False,100352,66560,1,OK,False
47,77000 × 1024x1024 × 10x10x10x10,77000,1024,10,128,1024,0,77000.0,30.0,90.0,450.3,430.6,880.9000000000001,8.809000000000001,8741.060279259847,100.0,True,False,98304,67584,1,OK,False
48,77000 × 1024x1024 × 100x100x100x100,77000,1024,100,128,1024,0,77000.0,30.0,170.0,411.5,396.4,807.9,8.079,9530.882534967199,100.0,True,False,100352,63488,1,OK,False
49,77000 × 1024x1024 × 1000x1000x1000x1000,77000,1024,1000,128,1024,0,77000.0,30.0,1780.0,351.3,341.8,693.1,6.931,11109.508007502525,100.0,True,True,98304,60416,1,OK,False
50,77000 × 1024x1024 × 10000x10000x10000x10000,77000,1024,10000,128,1024,0,53700.0,11290.0,12040.0,156.3,140.0,296.3,2.963,18123.5234559568,69.74025974025975,False,False,98304,68608,1,OK,False
51,192500 × 0x0 × 1x1x1x1,192500,0,1,128,1024,0,192500.0,60.0,440.0,443.6,387.1,830.7,8.307,23173.22739857951,100.0,True,False,111616,65536,1,OK,False
52,192500 × 0x0 × 10x10x10x10,192500,0,10,128,1024,0,192500.0,60.0,500.0,429.8,379.1,808.9000000000001,8.089,23797.75003090617,100.0,True,True,108544,67584,1,OK,False
53,192500 × 0x0 × 100x100x100x100,192500,0,100,128,1024,0,192400.0,120.0,690.0,425.0,378.9,803.9,8.039,23933.325040427913,99.94805194805195,True,False,110592,64512,1,OK,False
54,192500 × 0x0 × 1000x1000x1000x1000,192500,0,1000,128,1024,0,183700.0,1520.0,2240.0,310.2,269.3,579.5,5.795,31699.74115616911,95.42857142857143,False,False,109568,70656,1,OK,False
55,192500 × 0x0 × 10000x10000x10000x10000,192500,0,10000,128,1024,0,24600.0,11270.0,20410.0,45.6,41.4,87.0,0.87,28275.862068965518,12.779220779220779,False,False,91136,65536,1,OK,False
56,192500 × 1x1 × 1x1x1x1,192500,1,1,128,1024,0,171200.0,1420.0,1960.0,216.2,179.4,395.6,3.9560000000000004,43276.036400404446,88.93506493506493,False,False,109568,73728,1,OK,False
57,192500 × 1x1 × 10x10x10x10,192500,1,10,128,1024,0,110300.0,1410.0,2110.0,122.5,98.7,221.2,2.2119999999999997,49864.37613019892,57.298701298701296,False,False,99328,70656,1,OK,False
58,192500 × 1x1 × 100x100x100x100,192500,1,100,128,1024,0,102500.0,2290.0,2390.0,110.2,90.5,200.7,2.0069999999999997,51071.25062282014,53.246753246753244,False,False,105472,66560,1,OK,False
59,192500 × 1x1 × 1000x1000x1000x1000,192500,1,1000,128,1024,0,101100.0,2330.0,2400.0,102.9,88.4,191.3,1.913,52848.92838473601,52.51948051948052,False,False,95232,67584,1,OK,False
60,192500 × 1x1 × 10000x10000x10000x10000,192500,1,10000,128,1024,0,12400.0,10470.0,20480.0,14.5,12.3,26.8,0.268,46268.65671641791,6.441558441558442,False,False,94208,64512,1,OK,False
61,192500 × 16x16 × 1x1x1x1,192500,16,1,128,1024,0,173900.0,1380.0,1950.0,217.2,198.0,415.2,4.152,41883.42967244701,90.33766233766234,False,False,111616,64512,1,OK,False
62,192500 × 16x16 × 10x10x10x10,192500,16,10,128,1024,0,109000.0,1370.0,2020.0,118.1,101.0,219.1,2.191,49748.97307165678,56.62337662337662,False,False,104448,69632,1,OK,False
63,192500 × 16x16 × 100x100x100x100,192500,16,100,128,1024,0,108300.0,1710.0,2220.0,115.0,98.0,213.0,2.13,50845.07042253522,56.25974025974026,False,False,95232,68608,1,OK,False
64,192500 × 16x16 × 1000x1000x1000x1000,192500,16,1000,128,1024,0,105500.0,1430.0,2350.0,110.7,94.7,205.4,2.0540000000000003,51363.19376825705,54.8051948051948,False,False,98304,66560,1,OK,False
65,192500 × 16x16 × 10000x10000x10000x10000,192500,16,10000,128,1024,0,12400.0,10490.0,20510.0,14.9,12.9,27.8,0.278,44604.31654676259,6.441558441558442,False,False,88064,62464,1,OK,False
66,192500 × 256x256 × 1x1x1x1,192500,256,1,128,1024,0,192500.0,70.0,540.0,431.5,375.1,806.6,8.066,23865.608727994048,100.0,True,False,112640,74752,1,OK,False
67,192500 × 256x256 × 10x10x10x10,192500,256,10,128,1024,0,192500.0,70.0,580.0,423.3,373.2,796.5,7.965,24168.236032642813,100.0,True,True,110592,65536,1,OK,False
68,192500 × 256x256 × 100x100x100x100,192500,256,100,128,1024,0,192400.0,120.0,940.0,430.4,386.1,816.5,8.165,23563.992651561544,99.94805194805195,True,False,106496,62464,1,OK,False
69,192500 × 256x256 × 1000x1000x1000x1000,192500,256,1000,128,1024,0,180800.0,1550.0,2400.0,308.8,268.5,577.3,5.773,31318.205439113113,93.92207792207792,False,False,109568,74752,1,OK,False
70,192500 × 256x256 × 10000x10000x10000x10000,192500,256,10000,128,1024,0,28900.0,11310.0,20640.0,49.4,45.4,94.8,0.948,30485.23206751055,15.012987012987013,False,False,99328,66560,1,OK,False
71,192500 × 1024x1024 × 1x1x1x1,192500,1024,1,128,1024,0,192500.0,60.0,490.0,463.2,406.4,869.5999999999999,8.696,22136.614535418583,100.0,True,False,110592,71680,1,OK,False
72,192500 × 1024x1024 × 10x10x10x10,192500,1024,10,128,1024,0,192500.0,50.0,460.0,450.1,399.9,850.0,8.5,22647.058823529413,100.0,True,True,110592,66560,1,OK,False
73,192500 × 1024x1024 × 100x100x100x100,192500,1024,100,128,1024,0,192500.0,60.0,480.0,459.2,407.6,866.8,8.668,22208.12182741117,100.0,True,False,110592,74752,1,OK,False
74,192500 × 1024x1024 × 1000x1000x1000x1000,192500,1024,1000,128,1024,0,192500.0,80.0,1740.0,380.9,337.4,718.3,7.183,26799.38744257274,100.0,True,True,105472,71680,1,OK,False
75,192500 × 1024x1024 × 10000x10000x10000x10000,192500,1024,10000,128,1024,0,189800.0,10790.0,11430.0,284.9,236.0,520.9,5.209,36436.93607218276,98.59740259740259,False,False,106496,64512,1,OK,False
76,385000 × 0x0 × 1x1x1x1,385000,0,1,128,1024,0,384100.0,340.0,980.0,629.2,529.6,1158.8000000000002,11.588000000000001,33146.358301691405,99.76623376623377,True,False,167936,72704,1,OK,False
77,385000 × 0x0 × 10x10x10x10,385000,0,10,128,1024,0,383800.0,340.0,1040.0,623.1,522.6,1145.7,11.457,33499.17081260365,99.68831168831169,True,True,162816,64512,1,OK,False
78,385000 × 0x0 × 100x100x100x100,385000,0,100,128,1024,0,384000.0,350.0,1040.0,629.1,534.5,1163.6,11.636,33001.031282227574,99.74025974025975,True,False,166912,66560,1,OK,False
79,385000 × 0x0 × 1000x1000x1000x1000,385000,0,1000,128,1024,0,378600.0,1330.0,1980.0,554.9,456.8,1011.7,10.117,37422.1607195809,98.33766233766234,False,False,169984,72704,1,OK,False
80,385000 × 0x0 × 10000x10000x10000x10000,385000,0,10000,128,1024,0,236100.0,10630.0,11310.0,279.3,230.6,509.9,5.099,46303.19670523632,61.324675324675326,False,False,118784,68608,1,OK,False
81,385000 × 1x1 × 1x1x1x1,385000,1,1,128,1024,0,263700.0,1430.0,1970.0,318.3,258.7,577.0,5.77,45701.90641247834,68.49350649350649,False,False,119808,65536,1,OK,False
82,385000 × 1x1 × 10x10x10x10,385000,1,10,128,1024,0,117700.0,1570.0,1940.0,130.4,106.5,236.9,2.369,49683.41072182355,30.571428571428573,False,False,105472,60416,1,OK,False
83,385000 × 1x1 × 100x100x100x100,385000,1,100,128,1024,0,103000.0,2290.0,2380.0,104.8,91.0,195.8,1.9580000000000002,52604.6986721144,26.753246753246753,False,False,96256,65536,1,OK,False
84,385000 × 1x1 × 1000x1000x1000x1000,385000,1,1000,128,1024,0,101400.0,2340.0,2400.0,103.5,89.8,193.3,1.933,52457.32022762545,26.337662337662337,False,False,97280,68608,1,OK,False
85,385000 × 1x1 × 10000x10000x10000x10000,385000,1,10000,128,1024,0,12300.0,10730.0,20490.0,14.5,12.1,26.6,0.266,46240.6015037594,3.1948051948051948,False,False,93184,61440,1,OK,False
86,385000 × 16x16 × 1x1x1x1,385000,16,1,128,1024,0,327000.0,1320.0,1780.0,447.4,379.5,826.9,8.269,39545.289635989844,84.93506493506493,False,False,155648,72704,1,OK,False
87,385000 × 16x16 × 10x10x10x10,385000,16,10,128,1024,0,119100.0,1390.0,1920.0,129.2,111.2,240.39999999999998,2.404,49542.429284525795,30.935064935064936,False,False,104448,66560,1,OK,False
88,385000 × 16x16 × 100x100x100x100,385000,16,100,128,1024,0,112500.0,1710.0,2120.0,119.0,101.4,220.4,2.204,51043.55716878403,29.22077922077922,False,False,106496,64512,1,OK,False
89,385000 × 16x16 × 1000x1000x1000x1000,385000,16,1000,128,1024,0,106500.0,1660.0,2360.0,111.4,97.0,208.4,2.084,51103.64683301343,27.662337662337663,False,False,104448,68608,1,OK,False
90,385000 × 16x16 × 10000x10000x10000x10000,385000,16,10000,128,1024,0,12500.0,10460.0,11440.0,14.9,12.8,27.700000000000003,0.277,45126.35379061371,3.2467532467532467,False,False,90112,66560,1,OK,False
91,385000 × 256x256 × 1x1x1x1,385000,256,1,128,1024,0,384300.0,340.0,960.0,628.8,526.9,1155.6999999999998,11.556999999999999,33252.57419745609,99.81818181818181,True,False,166912,70656,1,OK,False
92,385000 × 256x256 × 10x10x10x10,385000,256,10,128,1024,0,384200.0,330.0,930.0,624.3,524.9,1149.1999999999998,11.491999999999997,33431.9526627219,99.79220779220779,True,True,157696,67584,1,OK,False
93,385000 × 256x256 × 100x100x100x100,385000,256,100,128,1024,0,384000.0,350.0,1010.0,628.5,529.2,1157.7,11.577,33169.214822492875,99.74025974025975,True,False,165888,73728,1,OK,False
94,385000 × 256x256 × 1000x1000x1000x1000,385000,256,1000,128,1024,0,379600.0,1310.0,1950.0,552.4,459.6,1012.0,10.12,37509.881422924904,98.59740259740259,False,False,174080,63488,1,OK,False
95,385000 × 256x256 × 10000x10000x10000x10000,385000,256,10000,128,1024,0,225800.0,10600.0,11280.0,264.9,220.9,485.79999999999995,4.858,46480.032935364354,58.64935064935065,False,False,108544,65536,1,OK,False
96,385000 × 1024x1024 × 1x1x1x1,385000,1024,1,128,1024,0,384300.0,330.0,920.0,636.7,534.5,1171.2,11.712,32812.5,99.81818181818181,True,False,167936,67584,1,OK,False
97,385000 × 1024x1024 × 10x10x10x10,385000,1024,10,128,1024,0,383900.0,340.0,1030.0,632.1,532.7,1164.8000000000002,11.648000000000001,32958.4478021978,99.71428571428571,True,False,169984,66560,1,OK,False
98,385000 × 1024x1024 × 100x100x100x100,385000,1024,100,128,1024,0,383900.0,360.0,1020.0,636.0,536.6,1172.6,11.725999999999999,32739.21200750469,99.71428571428571,True,False,165888,72704,1,OK,False
99,385000 × 1024x1024 × 1000x1000x1000x1000,385000,1024,1000,128,1024,0,384300.0,350.0,1190.0,622.7,532.1,1154.8000000000002,11.548000000000002,33278.48978178039,99.81818181818181,True,False,166912,74752,1,OK,False
100,385000 × 1024x1024 × 10000x10000x10000x10000,385000,1024,10000,128,1024,0,326100.0,11070.0,11540.0,429.3,347.2,776.5,7.765,41996.136509980686,84.7012987012987,False,False,123904,71680,1,OK,False
101,731500 × 0x0 × 1x1x1x1,731500,0,1,128,1024,0,705800.0,420.0,1150.0,755.6,694.5,1450.1,14.501,48672.505344459,96.48667122351333,False,False,242688,66560,1,OK,False
102,731500 × 0x0 × 10x10x10x10,731500,0,10,128,1024,0,706600.0,410.0,1100.0,755.6,726.4,1482.0,14.82,47678.81241565452,96.59603554340397,False,False,240640,68608,1,OK,False
103,731500 × 0x0 × 100x100x100x100,731500,0,100,128,1024,0,706100.0,420.0,1110.0,755.0,725.9,1480.9,14.809000000000001,47680.46458234857,96.52768284347232,False,False,250880,72704,1,OK,False
104,731500 × 0x0 × 1000x1000x1000x1000,731500,0,1000,128,1024,0,706800.0,410.0,1160.0,753.9,719.1,1473.0,14.73,47983.70672097759,96.62337662337663,False,False,238592,69632,1,OK,False
105,731500 × 0x0 × 10000x10000x10000x10000,731500,0,10000,128,1024,0,353800.0,10560.0,11290.0,360.5,331.6,692.1,6.921,51119.78037855801,48.36637047163363,False,False,138240,69632,1,OK,False
106,731500 × 1x1 × 1x1x1x1,731500,1,1,128,1024,0,686800.0,860.0,1480.0,730.0,599.5,1329.5,13.295,51658.518239939825,93.88926862611073,False,False,240640,73728,1,OK,False
107,731500 × 1x1 × 10x10x10x10,731500,1,10,128,1024,0,486000.0,1330.0,1620.0,523.0,425.6,948.6,9.486,51233.39658444023,66.43882433356117,False,False,181248,67584,1,OK,False
108,731500 × 1x1 × 100x100x100x100,731500,1,100,128,1024,0,103100.0,2290.0,2380.0,105.1,92.3,197.39999999999998,1.9739999999999998,52228.97669706181,14.094326725905674,False,False,95232,66560,1,OK,False
109,731500 × 1x1 × 1000x1000x1000x1000,731500,1,1000,128,1024,0,101000.0,2340.0,2410.0,103.7,89.2,192.9,1.929,52358.73509590461,13.807245386192754,False,False,95232,68608,1,OK,False
110,731500 × 1x1 × 10000x10000x10000x10000,731500,1,10000,128,1024,0,12400.0,10460.0,20480.0,14.5,12.4,26.9,0.26899999999999996,46096.654275092944,1.695146958304853,False,False,86016,60416,1,OK,False
111,731500 × 16x16 × 1x1x1x1,731500,16,1,128,1024,0,687200.0,790.0,1390.0,729.8,673.8,1403.6,14.036,48959.81761185523,93.94395078605605,False,False,235520,70656,1,OK,False
112,731500 × 16x16 × 10x10x10x10,731500,16,10,128,1024,0,508500.0,1300.0,1560.0,549.0,492.2,1041.2,10.412,48837.879369957736,69.51469583048531,False,False,195584,73728,1,OK,False
113,731500 × 16x16 × 100x100x100x100,731500,16,100,128,1024,0,151800.0,1380.0,2080.0,158.2,138.9,297.1,2.971,51093.907775159874,20.75187969924812,False,False,108544,66560,1,OK,False
114,731500 × 16x16 × 1000x1000x1000x1000,731500,16,1000,128,1024,0,120300.0,2120.0,2420.0,124.9,108.9,233.8,2.338,51454.23438836612,16.44565960355434,False,False,105472,66560,1,OK,False
115,731500 × 16x16 × 10000x10000x10000x10000,731500,16,10000,128,1024,0,12700.0,10460.0,20690.0,14.8,13.0,27.8,0.278,45683.45323741007,1.7361585782638413,False,False,89088,64512,1,OK,False
116,731500 × 256x256 × 1x1x1x1,731500,256,1,128,1024,0,705400.0,420.0,1170.0,754.6,692.6,1447.2,14.472000000000001,48742.39911553344,96.43198906356801,False,False,242688,72704,1,OK,False
117,731500 × 256x256 × 10x10x10x10,731500,256,10,128,1024,0,707000.0,420.0,1120.0,753.2,724.4,1477.6,14.776,47847.86139685977,96.65071770334929,False,False,233472,74752,1,OK,False
118,731500 × 256x256 × 100x100x100x100,731500,256,100,128,1024,0,707500.0,410.0,1100.0,755.0,723.6,1478.6,14.786,47849.316921412144,96.71907040328092,False,False,245760,70656,1,OK,False
119,731500 × 256x256 × 1000x1000x1000x1000,731500,256,1000,128,1024,0,704700.0,430.0,1410.0,751.7,723.7,1475.4,14.754000000000001,47763.31842212281,96.3362952836637,False,False,242688,72704,1,OK,False
120,731500 × 256x256 × 10000x10000x10000x10000,731500,256,10000,128,1024,0,296800.0,10580.0,11320.0,313.1,280.6,593.7,5.937,49991.57823816742,40.57416267942584,False,False,136192,73728,1,OK,False
121,731500 × 1024x1024 × 1x1x1x1,731500,1024,1,128,1024,0,705200.0,420.0,1130.0,755.6,694.5,1450.1,14.501,48631.12888766292,96.40464798359535,False,False,247808,70656,1,OK,False
122,731500 × 1024x1024 × 10x10x10x10,731500,1024,10,128,1024,0,705400.0,420.0,1130.0,755.0,724.1,1479.1,14.790999999999999,47691.163545399235,96.43198906356801,False,False,249856,66560,1,OK,False
123,731500 × 1024x1024 × 100x100x100x100,731500,1024,100,128,1024,0,705900.0,420.0,1150.0,754.3,722.3,1476.6,14.765999999999998,47805.77001219017,96.50034176349966,False,False,239616,72704,1,OK,False
124,731500 × 1024x1024 × 1000x1000x1000x1000,731500,1024,1000,128,1024,0,705500.0,420.0,1130.0,755.4,724.8,1480.1999999999998,14.801999999999998,47662.47804350764,96.44565960355435,False,False,239616,66560,1,OK,False
125,731500 × 1024x1024 × 10000x10000x10000x10000,731500,1024,10000,128,1024,0,704900.0,,,,,,,,96.36363636363636,False,False,,,,,True
