candidate_id,transport,policy,target_qps,sleep_us,source_indices,repeat_count,repeat_gate_consistent,tps,tps_min,tps_max,tp99_us,tp99_us_min,tp99_us_max,tp999_us,total_cpu_pct,total_cpu_pct_min,total_cpu_pct_max,used_cores,used_cores_min,used_cores_max,attainment_pct,attainment_pct_min,attainment_pct_max,target_sustained,is_pareto,partial
gqm:7700:B0/256 duplicate:1,GQM,B0/256 duplicate,7700,1,1;16,2,True,7700.0,7700.0,7700.0,1205.0,1200.0,1210.0,1785.0,320.75,312.8,328.7,3.2075,3.128,3.287,100.0,100.0,100.0,True,False,False
gqm:7700:B0/256 duplicate:10,GQM,B0/256 duplicate,7700,10,2;17,2,True,7700.0,7700.0,7700.0,1430.0,1380.0,1480.0,1800.0,240.45000000000002,180.3,300.6,2.4045,1.8030000000000002,3.0060000000000002,100.0,100.0,100.0,True,False,False
gqm:7700:B0/256 duplicate:100,GQM,B0/256 duplicate,7700,100,3;18,2,True,7700.0,7700.0,7700.0,1315.0,1310.0,1320.0,1995.0,284.1,278.6,289.6,2.841,2.786,2.8960000000000004,100.0,100.0,100.0,True,False,False
gqm:7700:B0/256 duplicate:1000,GQM,B0/256 duplicate,7700,1000,4;19,2,True,7700.0,7700.0,7700.0,3240.0,3240.0,3240.0,3270.0,229.4,229.3,229.5,2.294,2.293,2.295,100.0,100.0,100.0,True,False,False
gqm:7700:B0/256 duplicate:10000,GQM,B0/256 duplicate,7700,10000,5;20,2,True,7700.0,7700.0,7700.0,19385.0,19320.0,19450.0,20485.0,56.95,55.0,58.900000000000006,0.5695000000000001,0.55,0.5890000000000001,100.0,100.0,100.0,True,False,False
gqm:7700:B1:1,GQM,B1,7700,1,6,1,True,7700.0,7700.0,7700.0,1460.0,1460.0,1460.0,2070.0,97.69999999999999,97.69999999999999,97.69999999999999,0.9769999999999999,0.9769999999999999,0.9769999999999999,100.0,100.0,100.0,True,False,False
gqm:7700:B1:10,GQM,B1,7700,10,7,1,True,7700.0,7700.0,7700.0,1160.0,1160.0,1160.0,1210.0,23.4,23.4,23.4,0.23399999999999999,0.23399999999999999,0.23399999999999999,100.0,100.0,100.0,True,False,False
gqm:7700:B1:100,GQM,B1,7700,100,8,1,True,7700.0,7700.0,7700.0,1150.0,1150.0,1150.0,2160.0,21.7,21.7,21.7,0.217,0.217,0.217,100.0,100.0,100.0,True,True,False
gqm:7700:B1:1000,GQM,B1,7700,1000,9,1,True,7700.0,7700.0,7700.0,1150.0,1150.0,1150.0,2170.0,21.9,21.9,21.9,0.21899999999999997,0.21899999999999997,0.21899999999999997,100.0,100.0,100.0,True,False,False
gqm:7700:B1:10000,GQM,B1,7700,10000,10,1,True,7700.0,7700.0,7700.0,19260.0,19260.0,19260.0,20230.0,11.2,11.2,11.2,0.11199999999999999,0.11199999999999999,0.11199999999999999,100.0,100.0,100.0,True,True,False
gqm:7700:B16:1,GQM,B16,7700,1,11,1,True,7700.0,7700.0,7700.0,1750.0,1750.0,1750.0,2240.0,99.2,99.2,99.2,0.992,0.992,0.992,100.0,100.0,100.0,True,False,False
gqm:7700:B16:10,GQM,B16,7700,10,12,1,True,7700.0,7700.0,7700.0,1150.0,1150.0,1150.0,1180.0,31.0,31.0,31.0,0.31,0.31,0.31,100.0,100.0,100.0,True,False,False
gqm:7700:B16:100,GQM,B16,7700,100,13,1,True,7700.0,7700.0,7700.0,1150.0,1150.0,1150.0,2160.0,29.1,29.1,29.1,0.29100000000000004,0.29100000000000004,0.29100000000000004,100.0,100.0,100.0,True,False,False
gqm:7700:B16:1000,GQM,B16,7700,1000,14,1,True,7700.0,7700.0,7700.0,1150.0,1150.0,1150.0,2170.0,28.7,28.7,28.7,0.287,0.287,0.287,100.0,100.0,100.0,True,False,False
gqm:7700:B16:10000,GQM,B16,7700,10000,15,1,True,7700.0,7700.0,7700.0,19240.0,19240.0,19240.0,20220.0,11.3,11.3,11.3,0.113,0.113,0.113,100.0,100.0,100.0,True,True,False
gqm:7700:B1024:1,GQM,B1024,7700,1,21,1,True,7700.0,7700.0,7700.0,20.0,20.0,20.0,60.0,399.3,399.3,399.3,3.9930000000000003,3.9930000000000003,3.9930000000000003,100.0,100.0,100.0,True,False,False
gqm:7700:B1024:10,GQM,B1024,7700,10,22,1,True,7700.0,7700.0,7700.0,20.0,20.0,20.0,30.0,353.6,353.6,353.6,3.536,3.536,3.536,100.0,100.0,100.0,True,False,False
gqm:7700:B1024:100,GQM,B1024,7700,100,23,1,True,7700.0,7700.0,7700.0,20.0,20.0,20.0,40.0,325.7,325.7,325.7,3.2569999999999997,3.2569999999999997,3.2569999999999997,100.0,100.0,100.0,True,False,False
gqm:7700:B1024:1000,GQM,B1024,7700,1000,24,1,True,7700.0,7700.0,7700.0,20.0,20.0,20.0,60.0,320.4,320.4,320.4,3.2039999999999997,3.2039999999999997,3.2039999999999997,100.0,100.0,100.0,True,False,False
gqm:7700:B1024:10000,GQM,B1024,7700,10000,25,1,True,7700.0,7700.0,7700.0,20.0,20.0,20.0,8880.0,319.4,319.4,319.4,3.194,3.194,3.194,100.0,100.0,100.0,True,True,False
socket:7700,Socket,Socket,7700,,1,1,True,7700.0,7700.0,7700.0,120.0,120.0,120.0,570.0,23.9,23.9,23.9,0.239,0.239,0.239,100.0,100.0,100.0,True,True,False
gqm:77000:B0/256 duplicate:1,GQM,B0/256 duplicate,77000,1,26;41,2,True,77000.0,77000.0,77000.0,40.0,40.0,40.0,120.0,631.9000000000001,612.9000000000001,650.9,6.319000000000001,6.129000000000001,6.5089999999999995,100.0,100.0,100.0,True,False,False
gqm:77000:B0/256 duplicate:10,GQM,B0/256 duplicate,77000,10,27;42,2,True,77000.0,77000.0,77000.0,40.0,40.0,40.0,810.0,581.15,571.8,590.5,5.8115000000000006,5.718,5.905,100.0,100.0,100.0,True,True,False
gqm:77000:B0/256 duplicate:100,GQM,B0/256 duplicate,77000,100,28;43,2,True,77000.0,77000.0,77000.0,120.0,110.0,130.0,770.0,555.1500000000001,551.9,558.4000000000001,5.551500000000001,5.519,5.5840000000000005,100.0,100.0,100.0,True,True,False
gqm:77000:B0/256 duplicate:1000,GQM,B0/256 duplicate,77000,1000,29;44,2,True,76900.0,76900.0,76900.0,2120.0,2110.0,2130.0,2465.0,389.09999999999997,386.9,391.29999999999995,3.8909999999999996,3.8689999999999998,3.9129999999999994,99.87012987012987,99.87012987012987,99.87012987012987,True,False,False
gqm:77000:B0/256 duplicate:10000,GQM,B0/256 duplicate,77000,10000,30;45,2,True,14950.0,13500.0,16400.0,15995.0,11400.0,20590.0,20710.0,67.75,65.7,69.80000000000001,0.6775,0.657,0.6980000000000001,19.415584415584416,17.532467532467532,21.2987012987013,False,False,False
gqm:77000:B1:1,GQM,B1,77000,1,31,1,True,77000.0,77000.0,77000.0,1390.0,1390.0,1390.0,2050.0,213.2,213.2,213.2,2.1319999999999997,2.1319999999999997,2.1319999999999997,100.0,100.0,100.0,True,False,False
gqm:77000:B1:10,GQM,B1,77000,10,32,1,True,77000.0,77000.0,77000.0,1360.0,1360.0,1360.0,2180.0,162.39999999999998,162.39999999999998,162.39999999999998,1.6239999999999997,1.6239999999999997,1.6239999999999997,100.0,100.0,100.0,True,False,False
gqm:77000:B1:100,GQM,B1,77000,100,33,1,True,77000.0,77000.0,77000.0,2290.0,2290.0,2290.0,2380.0,157.1,157.1,157.1,1.571,1.571,1.571,100.0,100.0,100.0,True,True,False
gqm:77000:B1:1000,GQM,B1,77000,1000,34,1,True,77000.0,77000.0,77000.0,2330.0,2330.0,2330.0,2410.0,157.3,157.3,157.3,1.5730000000000002,1.5730000000000002,1.5730000000000002,100.0,100.0,100.0,True,False,False
gqm:77000:B1:10000,GQM,B1,77000,10000,35,1,True,12400.0,12400.0,12400.0,10470.0,10470.0,10470.0,20500.0,26.8,26.8,26.8,0.268,0.268,0.268,16.103896103896105,16.103896103896105,16.103896103896105,False,False,False
gqm:77000:B16:1,GQM,B16,77000,1,36,1,True,77000.0,77000.0,77000.0,1390.0,1390.0,1390.0,2050.0,224.1,224.1,224.1,2.241,2.241,2.241,100.0,100.0,100.0,True,False,False
gqm:77000:B16:10,GQM,B16,77000,10,37,1,True,77000.0,77000.0,77000.0,1350.0,1350.0,1350.0,1890.0,166.1,166.1,166.1,1.661,1.661,1.661,100.0,100.0,100.0,True,False,False
gqm:77000:B16:100,GQM,B16,77000,100,38,1,True,77000.0,77000.0,77000.0,1320.0,1320.0,1320.0,2210.0,159.9,159.9,159.9,1.599,1.599,1.599,100.0,100.0,100.0,True,False,False
gqm:77000:B16:1000,GQM,B16,77000,1000,39,1,True,77000.0,77000.0,77000.0,1320.0,1320.0,1320.0,2340.0,159.8,159.8,159.8,1.598,1.598,1.598,100.0,100.0,100.0,True,True,False
gqm:77000:B16:10000,GQM,B16,77000,10000,40,1,True,12500.0,12500.0,12500.0,10480.0,10480.0,10480.0,20300.0,27.6,27.6,27.6,0.276,0.276,0.276,16.233766233766232,16.233766233766232,16.233766233766232,False,False,False
gqm:77000:B1024:1,GQM,B1024,77000,1,46,1,True,77000.0,77000.0,77000.0,30.0,30.0,30.0,90.0,757.5,757.5,757.5,7.575,7.575,7.575,100.0,100.0,100.0,True,False,False
gqm:77000:B1024:10,GQM,B1024,77000,10,47,1,True,77000.0,77000.0,77000.0,30.0,30.0,30.0,90.0,880.9000000000001,880.9000000000001,880.9000000000001,8.809000000000001,8.809000000000001,8.809000000000001,100.0,100.0,100.0,True,False,False
gqm:77000:B1024:100,GQM,B1024,77000,100,48,1,True,77000.0,77000.0,77000.0,30.0,30.0,30.0,170.0,807.9,807.9,807.9,8.079,8.079,8.079,100.0,100.0,100.0,True,False,False
gqm:77000:B1024:1000,GQM,B1024,77000,1000,49,1,True,77000.0,77000.0,77000.0,30.0,30.0,30.0,1780.0,693.1,693.1,693.1,6.931,6.931,6.931,100.0,100.0,100.0,True,True,False
gqm:77000:B1024:10000,GQM,B1024,77000,10000,50,1,True,53700.0,53700.0,53700.0,11290.0,11290.0,11290.0,12040.0,296.3,296.3,296.3,2.963,2.963,2.963,69.74025974025975,69.74025974025975,69.74025974025975,False,False,False
socket:77000,Socket,Socket,77000,,2,1,True,77000.0,77000.0,77000.0,250.0,250.0,250.0,400.0,211.7,211.7,211.7,2.117,2.117,2.117,100.0,100.0,100.0,True,True,False
gqm:192500:B0/256 duplicate:1,GQM,B0/256 duplicate,192500,1,51;66,2,True,192500.0,192500.0,192500.0,65.0,60.0,70.0,490.0,818.6500000000001,806.6,830.7,8.1865,8.066,8.307,100.0,100.0,100.0,True,False,False
gqm:192500:B0/256 duplicate:10,GQM,B0/256 duplicate,192500,10,52;67,2,True,192500.0,192500.0,192500.0,65.0,60.0,70.0,540.0,802.7,796.5,808.9000000000001,8.027000000000001,7.965,8.089,100.0,100.0,100.0,True,True,False
gqm:192500:B0/256 duplicate:100,GQM,B0/256 duplicate,192500,100,53;68,2,True,192400.0,192400.0,192400.0,120.0,120.0,120.0,815.0,810.2,803.9,816.5,8.102,8.039,8.165,99.94805194805195,99.94805194805195,99.94805194805195,True,False,False
gqm:192500:B0/256 duplicate:1000,GQM,B0/256 duplicate,192500,1000,54;69,2,True,182250.0,180800.0,183700.0,1535.0,1520.0,1550.0,2320.0,578.4,577.3,579.5,5.784,5.773,5.795,94.67532467532467,93.92207792207792,95.42857142857143,False,False,False
gqm:192500:B0/256 duplicate:10000,GQM,B0/256 duplicate,192500,10000,55;70,2,True,26750.0,24600.0,28900.0,11290.0,11270.0,11310.0,20525.0,90.9,87.0,94.8,0.909,0.87,0.948,13.896103896103895,12.779220779220779,15.012987012987013,False,False,False
gqm:192500:B1:1,GQM,B1,192500,1,56,1,True,171200.0,171200.0,171200.0,1420.0,1420.0,1420.0,1960.0,395.6,395.6,395.6,3.9560000000000004,3.9560000000000004,3.9560000000000004,88.93506493506493,88.93506493506493,88.93506493506493,False,False,False
gqm:192500:B1:10,GQM,B1,192500,10,57,1,True,110300.0,110300.0,110300.0,1410.0,1410.0,1410.0,2110.0,221.2,221.2,221.2,2.2119999999999997,2.2119999999999997,2.2119999999999997,57.298701298701296,57.298701298701296,57.298701298701296,False,False,False
gqm:192500:B1:100,GQM,B1,192500,100,58,1,True,102500.0,102500.0,102500.0,2290.0,2290.0,2290.0,2390.0,200.7,200.7,200.7,2.0069999999999997,2.0069999999999997,2.0069999999999997,53.246753246753244,53.246753246753244,53.246753246753244,False,False,False
gqm:192500:B1:1000,GQM,B1,192500,1000,59,1,True,101100.0,101100.0,101100.0,2330.0,2330.0,2330.0,2400.0,191.3,191.3,191.3,1.913,1.913,1.913,52.51948051948052,52.51948051948052,52.51948051948052,False,False,False
gqm:192500:B1:10000,GQM,B1,192500,10000,60,1,True,12400.0,12400.0,12400.0,10470.0,10470.0,10470.0,20480.0,26.8,26.8,26.8,0.268,0.268,0.268,6.441558441558442,6.441558441558442,6.441558441558442,False,False,False
gqm:192500:B16:1,GQM,B16,192500,1,61,1,True,173900.0,173900.0,173900.0,1380.0,1380.0,1380.0,1950.0,415.2,415.2,415.2,4.152,4.152,4.152,90.33766233766234,90.33766233766234,90.33766233766234,False,False,False
gqm:192500:B16:10,GQM,B16,192500,10,62,1,True,109000.0,109000.0,109000.0,1370.0,1370.0,1370.0,2020.0,219.1,219.1,219.1,2.191,2.191,2.191,56.62337662337662,56.62337662337662,56.62337662337662,False,False,False
gqm:192500:B16:100,GQM,B16,192500,100,63,1,True,108300.0,108300.0,108300.0,1710.0,1710.0,1710.0,2220.0,213.0,213.0,213.0,2.13,2.13,2.13,56.25974025974026,56.25974025974026,56.25974025974026,False,False,False
gqm:192500:B16:1000,GQM,B16,192500,1000,64,1,True,105500.0,105500.0,105500.0,1430.0,1430.0,1430.0,2350.0,205.4,205.4,205.4,2.0540000000000003,2.0540000000000003,2.0540000000000003,54.8051948051948,54.8051948051948,54.8051948051948,False,False,False
gqm:192500:B16:10000,GQM,B16,192500,10000,65,1,True,12400.0,12400.0,12400.0,10490.0,10490.0,10490.0,20510.0,27.8,27.8,27.8,0.278,0.278,0.278,6.441558441558442,6.441558441558442,6.441558441558442,False,False,False
gqm:192500:B1024:1,GQM,B1024,192500,1,71,1,True,192500.0,192500.0,192500.0,60.0,60.0,60.0,490.0,869.5999999999999,869.5999999999999,869.5999999999999,8.696,8.696,8.696,100.0,100.0,100.0,True,False,False
gqm:192500:B1024:10,GQM,B1024,192500,10,72,1,True,192500.0,192500.0,192500.0,50.0,50.0,50.0,460.0,850.0,850.0,850.0,8.5,8.5,8.5,100.0,100.0,100.0,True,True,False
gqm:192500:B1024:100,GQM,B1024,192500,100,73,1,True,192500.0,192500.0,192500.0,60.0,60.0,60.0,480.0,866.8,866.8,866.8,8.668,8.668,8.668,100.0,100.0,100.0,True,False,False
gqm:192500:B1024:1000,GQM,B1024,192500,1000,74,1,True,192500.0,192500.0,192500.0,80.0,80.0,80.0,1740.0,718.3,718.3,718.3,7.183,7.183,7.183,100.0,100.0,100.0,True,True,False
gqm:192500:B1024:10000,GQM,B1024,192500,10000,75,1,True,189800.0,189800.0,189800.0,10790.0,10790.0,10790.0,11430.0,520.9,520.9,520.9,5.209,5.209,5.209,98.59740259740259,98.59740259740259,98.59740259740259,False,False,False
socket:192500,Socket,Socket,192500,,3,1,True,192500.0,192500.0,192500.0,340.0,340.0,340.0,740.0,513.6,513.6,513.6,5.136,5.136,5.136,100.0,100.0,100.0,True,True,False
gqm:385000:B0/256 duplicate:1,GQM,B0/256 duplicate,385000,1,76;91,2,True,384200.0,384100.0,384300.0,340.0,340.0,340.0,970.0,1157.25,1155.6999999999998,1158.8000000000002,11.5725,11.556999999999999,11.588000000000001,99.79220779220779,99.76623376623377,99.81818181818181,True,False,False
gqm:385000:B0/256 duplicate:10,GQM,B0/256 duplicate,385000,10,77;92,2,True,384000.0,383800.0,384200.0,335.0,330.0,340.0,985.0,1147.4499999999998,1145.7,1149.1999999999998,11.474499999999999,11.457,11.491999999999997,99.74025974025975,99.68831168831169,99.79220779220779,True,True,False
gqm:385000:B0/256 duplicate:100,GQM,B0/256 duplicate,385000,100,78;93,2,True,384000.0,384000.0,384000.0,350.0,350.0,350.0,1025.0,1160.65,1157.7,1163.6,11.6065,11.577,11.636,99.74025974025975,99.74025974025975,99.74025974025975,True,False,False
gqm:385000:B0/256 duplicate:1000,GQM,B0/256 duplicate,385000,1000,79;94,2,True,379100.0,378600.0,379600.0,1320.0,1310.0,1330.0,1965.0,1011.85,1011.7,1012.0,10.118500000000001,10.117,10.12,98.46753246753246,98.33766233766234,98.59740259740259,False,False,False
gqm:385000:B0/256 duplicate:10000,GQM,B0/256 duplicate,385000,10000,80;95,2,True,230950.0,225800.0,236100.0,10615.0,10600.0,10630.0,11295.0,497.84999999999997,485.79999999999995,509.9,4.9785,4.858,5.099,59.98701298701299,58.64935064935065,61.324675324675326,False,False,False
gqm:385000:B1:1,GQM,B1,385000,1,81,1,True,263700.0,263700.0,263700.0,1430.0,1430.0,1430.0,1970.0,577.0,577.0,577.0,5.77,5.77,5.77,68.49350649350649,68.49350649350649,68.49350649350649,False,False,False
gqm:385000:B1:10,GQM,B1,385000,10,82,1,True,117700.0,117700.0,117700.0,1570.0,1570.0,1570.0,1940.0,236.9,236.9,236.9,2.369,2.369,2.369,30.571428571428573,30.571428571428573,30.571428571428573,False,False,False
gqm:385000:B1:100,GQM,B1,385000,100,83,1,True,103000.0,103000.0,103000.0,2290.0,2290.0,2290.0,2380.0,195.8,195.8,195.8,1.9580000000000002,1.9580000000000002,1.9580000000000002,26.753246753246753,26.753246753246753,26.753246753246753,False,False,False
gqm:385000:B1:1000,GQM,B1,385000,1000,84,1,True,101400.0,101400.0,101400.0,2340.0,2340.0,2340.0,2400.0,193.3,193.3,193.3,1.933,1.933,1.933,26.337662337662337,26.337662337662337,26.337662337662337,False,False,False
gqm:385000:B1:10000,GQM,B1,385000,10000,85,1,True,12300.0,12300.0,12300.0,10730.0,10730.0,10730.0,20490.0,26.6,26.6,26.6,0.266,0.266,0.266,3.1948051948051948,3.1948051948051948,3.1948051948051948,False,False,False
gqm:385000:B16:1,GQM,B16,385000,1,86,1,True,327000.0,327000.0,327000.0,1320.0,1320.0,1320.0,1780.0,826.9,826.9,826.9,8.269,8.269,8.269,84.93506493506493,84.93506493506493,84.93506493506493,False,False,False
gqm:385000:B16:10,GQM,B16,385000,10,87,1,True,119100.0,119100.0,119100.0,1390.0,1390.0,1390.0,1920.0,240.39999999999998,240.39999999999998,240.39999999999998,2.404,2.404,2.404,30.935064935064936,30.935064935064936,30.935064935064936,False,False,False
gqm:385000:B16:100,GQM,B16,385000,100,88,1,True,112500.0,112500.0,112500.0,1710.0,1710.0,1710.0,2120.0,220.4,220.4,220.4,2.204,2.204,2.204,29.22077922077922,29.22077922077922,29.22077922077922,False,False,False
gqm:385000:B16:1000,GQM,B16,385000,1000,89,1,True,106500.0,106500.0,106500.0,1660.0,1660.0,1660.0,2360.0,208.4,208.4,208.4,2.084,2.084,2.084,27.662337662337663,27.662337662337663,27.662337662337663,False,False,False
gqm:385000:B16:10000,GQM,B16,385000,10000,90,1,True,12500.0,12500.0,12500.0,10460.0,10460.0,10460.0,11440.0,27.700000000000003,27.700000000000003,27.700000000000003,0.277,0.277,0.277,3.2467532467532467,3.2467532467532467,3.2467532467532467,False,False,False
gqm:385000:B1024:1,GQM,B1024,385000,1,96,1,True,384300.0,384300.0,384300.0,330.0,330.0,330.0,920.0,1171.2,1171.2,1171.2,11.712,11.712,11.712,99.81818181818181,99.81818181818181,99.81818181818181,True,True,False
gqm:385000:B1024:10,GQM,B1024,385000,10,97,1,True,383900.0,383900.0,383900.0,340.0,340.0,340.0,1030.0,1164.8000000000002,1164.8000000000002,1164.8000000000002,11.648000000000001,11.648000000000001,11.648000000000001,99.71428571428571,99.71428571428571,99.71428571428571,True,False,False
gqm:385000:B1024:100,GQM,B1024,385000,100,98,1,True,383900.0,383900.0,383900.0,360.0,360.0,360.0,1020.0,1172.6,1172.6,1172.6,11.725999999999999,11.725999999999999,11.725999999999999,99.71428571428571,99.71428571428571,99.71428571428571,True,False,False
gqm:385000:B1024:1000,GQM,B1024,385000,1000,99,1,True,384300.0,384300.0,384300.0,350.0,350.0,350.0,1190.0,1154.8000000000002,1154.8000000000002,1154.8000000000002,11.548000000000002,11.548000000000002,11.548000000000002,99.81818181818181,99.81818181818181,99.81818181818181,True,False,False
gqm:385000:B1024:10000,GQM,B1024,385000,10000,100,1,True,326100.0,326100.0,326100.0,11070.0,11070.0,11070.0,11540.0,776.5,776.5,776.5,7.765,7.765,7.765,84.7012987012987,84.7012987012987,84.7012987012987,False,False,False
socket:385000,Socket,Socket,385000,,4,1,True,380900.0,380900.0,380900.0,610.0,610.0,610.0,1230.0,972.4000000000001,972.4000000000001,972.4000000000001,9.724,9.724,9.724,98.93506493506493,98.93506493506493,98.93506493506493,False,False,False
gqm:731500:B0/256 duplicate:1,GQM,B0/256 duplicate,731500,1,101;116,2,True,705600.0,705400.0,705800.0,420.0,420.0,420.0,1160.0,1448.65,1447.2,1450.1,14.4865,14.472000000000001,14.501,96.45933014354067,96.43198906356801,96.48667122351333,False,False,False
gqm:731500:B0/256 duplicate:10,GQM,B0/256 duplicate,731500,10,102;117,2,True,706800.0,706600.0,707000.0,415.0,410.0,420.0,1110.0,1479.8,1477.6,1482.0,14.798,14.776,14.82,96.62337662337663,96.59603554340397,96.65071770334929,False,False,False
gqm:731500:B0/256 duplicate:100,GQM,B0/256 duplicate,731500,100,103;118,2,True,706800.0,706100.0,707500.0,415.0,410.0,420.0,1105.0,1479.75,1478.6,1480.9,14.7975,14.786,14.809000000000001,96.62337662337663,96.52768284347232,96.71907040328092,False,False,False
gqm:731500:B0/256 duplicate:1000,GQM,B0/256 duplicate,731500,1000,104;119,2,True,705750.0,704700.0,706800.0,420.0,410.0,430.0,1285.0,1474.2,1473.0,1475.4,14.742,14.73,14.754000000000001,96.47983595352017,96.3362952836637,96.62337662337663,False,False,False
gqm:731500:B0/256 duplicate:10000,GQM,B0/256 duplicate,731500,10000,105;120,2,True,325300.0,296800.0,353800.0,10570.0,10560.0,10580.0,11305.0,642.9000000000001,593.7,692.1,6.429,5.937,6.921,44.470266575529735,40.57416267942584,48.36637047163363,False,False,False
gqm:731500:B1:1,GQM,B1,731500,1,106,1,True,686800.0,686800.0,686800.0,860.0,860.0,860.0,1480.0,1329.5,1329.5,1329.5,13.295,13.295,13.295,93.88926862611073,93.88926862611073,93.88926862611073,False,False,False
gqm:731500:B1:10,GQM,B1,731500,10,107,1,True,486000.0,486000.0,486000.0,1330.0,1330.0,1330.0,1620.0,948.6,948.6,948.6,9.486,9.486,9.486,66.43882433356117,66.43882433356117,66.43882433356117,False,False,False
gqm:731500:B1:100,GQM,B1,731500,100,108,1,True,103100.0,103100.0,103100.0,2290.0,2290.0,2290.0,2380.0,197.39999999999998,197.39999999999998,197.39999999999998,1.9739999999999998,1.9739999999999998,1.9739999999999998,14.094326725905674,14.094326725905674,14.094326725905674,False,False,False
gqm:731500:B1:1000,GQM,B1,731500,1000,109,1,True,101000.0,101000.0,101000.0,2340.0,2340.0,2340.0,2410.0,192.9,192.9,192.9,1.929,1.929,1.929,13.807245386192754,13.807245386192754,13.807245386192754,False,False,False
gqm:731500:B1:10000,GQM,B1,731500,10000,110,1,True,12400.0,12400.0,12400.0,10460.0,10460.0,10460.0,20480.0,26.9,26.9,26.9,0.26899999999999996,0.26899999999999996,0.26899999999999996,1.695146958304853,1.695146958304853,1.695146958304853,False,False,False
gqm:731500:B16:1,GQM,B16,731500,1,111,1,True,687200.0,687200.0,687200.0,790.0,790.0,790.0,1390.0,1403.6,1403.6,1403.6,14.036,14.036,14.036,93.94395078605605,93.94395078605605,93.94395078605605,False,False,False
gqm:731500:B16:10,GQM,B16,731500,10,112,1,True,508500.0,508500.0,508500.0,1300.0,1300.0,1300.0,1560.0,1041.2,1041.2,1041.2,10.412,10.412,10.412,69.51469583048531,69.51469583048531,69.51469583048531,False,False,False
gqm:731500:B16:100,GQM,B16,731500,100,113,1,True,151800.0,151800.0,151800.0,1380.0,1380.0,1380.0,2080.0,297.1,297.1,297.1,2.971,2.971,2.971,20.75187969924812,20.75187969924812,20.75187969924812,False,False,False
gqm:731500:B16:1000,GQM,B16,731500,1000,114,1,True,120300.0,120300.0,120300.0,2120.0,2120.0,2120.0,2420.0,233.8,233.8,233.8,2.338,2.338,2.338,16.44565960355434,16.44565960355434,16.44565960355434,False,False,False
gqm:731500:B16:10000,GQM,B16,731500,10000,115,1,True,12700.0,12700.0,12700.0,10460.0,10460.0,10460.0,20690.0,27.8,27.8,27.8,0.278,0.278,0.278,1.7361585782638413,1.7361585782638413,1.7361585782638413,False,False,False
gqm:731500:B1024:1,GQM,B1024,731500,1,121,1,True,705200.0,705200.0,705200.0,420.0,420.0,420.0,1130.0,1450.1,1450.1,1450.1,14.501,14.501,14.501,96.40464798359535,96.40464798359535,96.40464798359535,False,False,False
gqm:731500:B1024:10,GQM,B1024,731500,10,122,1,True,705400.0,705400.0,705400.0,420.0,420.0,420.0,1130.0,1479.1,1479.1,1479.1,14.790999999999999,14.790999999999999,14.790999999999999,96.43198906356801,96.43198906356801,96.43198906356801,False,False,False
gqm:731500:B1024:100,GQM,B1024,731500,100,123,1,True,705900.0,705900.0,705900.0,420.0,420.0,420.0,1150.0,1476.6,1476.6,1476.6,14.765999999999998,14.765999999999998,14.765999999999998,96.50034176349966,96.50034176349966,96.50034176349966,False,False,False
gqm:731500:B1024:1000,GQM,B1024,731500,1000,124,1,True,705500.0,705500.0,705500.0,420.0,420.0,420.0,1130.0,1480.1999999999998,1480.1999999999998,1480.1999999999998,14.801999999999998,14.801999999999998,14.801999999999998,96.44565960355435,96.44565960355435,96.44565960355435,False,False,False
gqm:731500:B1024:10000,GQM,B1024,731500,10000,125,1,True,704900.0,704900.0,704900.0,,,,,,,,,,,96.36363636363636,96.36363636363636,96.36363636363636,False,False,True
socket:731500,Socket,Socket,731500,,5,1,True,381600.0,381600.0,381600.0,620.0,620.0,620.0,1210.0,956.3,956.3,956.3,9.562999999999999,9.562999999999999,9.562999999999999,52.166780587833216,52.166780587833216,52.166780587833216,False,False,False
