source_index,value,concurrency,payload_bytes,target_qps,cost_reported,tps,tp99_us,tp999_us,client_cpu_pct,server_cpu_pct,total_cpu_pct,estimated_used_cores,tps_per_used_core,client_rss_kb,server_rss_kb,retry,status,payload_peak_tps,payload_peak_concurrency,tps_vs_payload_peak_pct,tps_retention_vs_zero_payload_pct,tp99_amplification_vs_c64,tp999_amplification_vs_c64,tps_gain_vs_previous_concurrency_pct,tp99_change_vs_previous_concurrency_pct
1,0 × 1,1,0,0,-,22600.0,110.0,130.0,59.4,33.3,92.69999999999999,0.9269999999999999,24379.719525350596,33792,47104,1,OK,479900.0,256,4.7093144405084395,100.0,0.3793103448275862,0.3170731707317073,,
2,0 × 4,4,0,0,-,87300.0,130.0,160.0,117.8,104.8,222.6,2.226,39218.32884097035,52224,50176,1,OK,479900.0,256,18.19128985205251,100.0,0.4482758620689655,0.3902439024390244,286.283185840708,18.181818181818187
3,0 × 16,16,0,0,-,199800.0,190.0,240.0,226.1,223.3,449.4,4.494,44459.27903871829,77824,46080,1,OK,479900.0,256,41.63367368201709,100.0,0.6551724137931034,0.5853658536585366,128.86597938144328,46.153846153846146
4,0 × 64,64,0,0,-,454800.0,290.0,410.0,502.3,483.7,986.0,9.86,46125.76064908722,154624,52224,1,OK,479900.0,256,94.76974369660346,100.0,1.0,1.0,127.62762762762763,52.63157894736843
5,0 × 128,128,0,0,-,475900.0,470.0,810.0,535.3,514.5,1049.8,10.498,45332.444275100024,164864,57344,1,OK,479900.0,256,99.16649301937903,100.0,1.6206896551724137,1.975609756097561,4.639401934916454,62.06896551724137
6,0 × 256,256,0,0,-,479900.0,1020.0,1650.0,548.2,512.4,1060.6,10.606,45247.97284555912,180224,58368,1,OK,479900.0,256,100.0,100.0,3.5172413793103448,4.024390243902439,0.8405127127547818,117.02127659574467
7,0 × 512,512,0,0,-,468500.0,2120.0,2700.0,540.9,512.5,1053.4,10.534,44475.0332257452,236544,68608,1,OK,479900.0,256,97.62450510523026,100.0,7.310344827586207,6.585365853658536,-2.3754948947697474,107.84313725490198
8,0 × 1024,1024,0,0,-,456000.0,3160.0,4870.0,538.8,516.9,1055.6999999999998,10.556999999999999,43194.08922989486,340992,88064,1,OK,479900.0,256,95.01979579078974,100.0,10.89655172413793,11.878048780487806,-2.6680896478121663,49.0566037735849
9,0 × 2048,2048,0,0,-,444800.0,6180.0,9000.0,554.5,523.1,1077.6,10.776,41276.91165553081,644096,115712,1,OK,479900.0,256,92.68597624505105,100.0,21.310344827586206,21.951219512195124,-2.4561403508771895,95.56962025316456
10,84 × 1,1,84,0,-,22200.0,110.0,130.0,59.0,33.1,92.1,0.9209999999999999,24104.2345276873,39936,45056,1,OK,466900.0,256,4.754765474405654,98.23008849557522,0.3793103448275862,0.30952380952380953,,
11,84 × 4,4,84,0,-,86100.0,130.0,170.0,117.0,104.0,221.0,2.21,38959.27601809955,56320,43008,1,OK,466900.0,256,18.4407796101949,98.62542955326461,0.4482758620689655,0.40476190476190477,287.83783783783787,18.181818181818187
12,84 × 16,16,84,0,-,197800.0,190.0,240.0,227.9,224.7,452.6,4.526,43703.04904993372,78848,44032,1,OK,466900.0,256,42.364532019704434,98.998998998999,0.6551724137931034,0.5714285714285714,129.732868757259,46.153846153846146
13,84 × 64,64,84,0,-,449600.0,290.0,420.0,502.6,484.6,987.2,9.872,45542.94975688817,153600,52224,1,OK,466900.0,256,96.29470978796316,98.8566402814424,1.0,1.0,127.30030333670372,52.63157894736843
14,84 × 128,128,84,0,-,466500.0,490.0,950.0,527.6,513.3,1040.9,10.409,44816.98530118167,155648,54272,1,OK,466900.0,256,99.91432855001071,98.02479512502627,1.6896551724137931,2.261904761904762,3.758896797153022,68.96551724137932
15,84 × 256,256,84,0,-,466900.0,1050.0,1900.0,543.1,510.8,1053.9,10.539000000000001,44302.115950279906,183296,60416,1,OK,466900.0,256,100.0,97.29110231298188,3.6206896551724137,4.523809523809524,0.08574490889603492,114.28571428571428
16,84 × 512,512,84,0,-,457100.0,2180.0,3010.0,535.8,511.7,1047.5,10.475,43637.231503579955,239616,69632,1,OK,466900.0,256,97.90104947526237,97.5667022411953,7.517241379310345,7.166666666666667,-2.0989505247376306,107.61904761904763
17,84 × 1024,1024,84,0,-,444100.0,3270.0,4900.0,527.9,514.4,1042.3,10.423,42607.69452173079,353280,76800,1,OK,466900.0,256,95.1167273506104,97.39035087719299,11.275862068965518,11.666666666666666,-2.844016626558743,50.0
18,84 × 2048,2048,84,0,-,434400.0,6510.0,9380.0,539.9,524.1,1064.0,10.64,40827.06766917293,587776,117760,1,OK,466900.0,256,93.0391946883701,97.66187050359713,22.448275862068964,22.333333333333332,-2.1841927493807756,99.08256880733946
19,168 × 1,1,168,0,-,18000.0,160.0,190.0,49.2,26.8,76.0,0.76,23684.21052631579,34816,38912,1,OK,458100.0,256,3.9292730844793713,79.64601769911505,0.5333333333333333,0.4222222222222222,,
20,168 × 4,4,168,0,-,85900.0,130.0,170.0,117.0,102.7,219.7,2.197,39098.771051433774,54272,47104,1,OK,458100.0,256,18.751364330932113,98.39633447880871,0.43333333333333335,0.37777777777777777,377.22222222222223,-18.75
21,168 × 16,16,168,0,-,196600.0,190.0,240.0,224.4,223.9,448.3,4.4830000000000005,43854.56167744813,81920,46080,1,OK,458100.0,256,42.91639380048024,98.3983983983984,0.6333333333333333,0.5333333333333333,128.87077997671713,46.153846153846146
22,168 × 64,64,168,0,-,440400.0,300.0,450.0,495.9,480.5,976.4,9.764,45104.465383039744,154624,48128,1,OK,458100.0,256,96.13621480026195,96.83377308707124,1.0,1.0,124.00813835198372,57.89473684210527
23,168 × 128,128,168,0,-,456200.0,500.0,980.0,520.9,506.6,1027.5,10.275,44399.02676399027,156672,53248,1,OK,458100.0,256,99.58524339663829,95.8604748896827,1.6666666666666667,2.1777777777777776,3.5876475930971763,66.66666666666667
24,168 × 256,256,168,0,-,458100.0,1080.0,2110.0,537.8,506.0,1043.8,10.437999999999999,43887.71795363097,181248,57344,1,OK,458100.0,256,100.0,95.45738695561576,3.6,4.688888888888889,0.4164839982463864,116.00000000000001
25,168 × 512,512,168,0,-,446900.0,2220.0,3070.0,529.6,506.2,1035.8,10.357999999999999,43145.39486387334,227328,64512,1,OK,458100.0,256,97.55511896965729,95.38954108858057,7.4,6.822222222222222,-2.444881030342716,105.55555555555554
26,168 × 1024,1024,168,0,-,434800.0,3430.0,5100.0,525.1,510.6,1035.7,10.357000000000001,41981.26870715458,347136,77824,1,OK,458100.0,256,94.9137742850906,95.35087719298245,11.433333333333334,11.333333333333334,-2.7075408368762544,54.5045045045045
27,168 × 2048,2048,168,0,-,426700.0,6630.0,9930.0,536.7,521.5,1058.2,10.582,40323.19032319032,638976,109568,1,OK,458100.0,256,93.14560139707487,95.93075539568345,22.1,22.066666666666666,-1.8629254829806818,93.29446064139941
28,335 × 1,1,335,0,-,21300.0,110.0,130.0,57.2,32.8,90.0,0.9,23666.666666666668,44032,38912,1,OK,445400.0,128,4.782218230803772,94.24778761061947,0.36666666666666664,0.26,,
29,335 × 4,4,335,0,-,83200.0,130.0,170.0,117.2,102.5,219.7,2.197,37869.8224852071,56320,45056,1,OK,445400.0,128,18.67983834755276,95.30355097365407,0.43333333333333335,0.34,290.61032863849766,18.181818181818187
30,335 × 16,16,335,0,-,193500.0,200.0,250.0,225.1,223.5,448.6,4.486000000000001,43134.19527418635,76800,43008,1,OK,445400.0,128,43.44409519533004,96.84684684684684,0.6666666666666666,0.5,132.5721153846154,53.846153846153854
31,335 × 64,64,335,0,-,429600.0,300.0,500.0,488.9,484.0,972.9,9.729,44156.645081714465,154624,52224,1,OK,445400.0,128,96.45262685226763,94.45910290237467,1.0,1.0,122.01550387596897,50.0
32,335 × 128,128,335,0,-,445400.0,520.0,990.0,518.4,507.1,1025.5,10.255,43432.47196489517,153600,52224,1,OK,445400.0,128,100.0,93.5910905652448,1.7333333333333334,1.98,3.6778398510242116,73.33333333333334
33,335 × 256,256,335,0,-,444700.0,1120.0,2110.0,528.9,504.4,1033.3,10.333,43036.87215716636,176128,59392,1,OK,445400.0,128,99.84283789851818,92.66513857053553,3.7333333333333334,4.22,-0.15716210148181142,115.38461538461537
34,335 × 512,512,335,0,-,433600.0,2280.0,3240.0,524.2,505.3,1029.5,10.295,42117.53278290432,229376,67584,1,OK,445400.0,128,97.35069600359228,92.55069370330843,7.6,6.48,-2.4960647627614074,103.57142857142856
35,335 × 1024,1024,335,0,-,424000.0,3600.0,5330.0,519.2,513.2,1032.4,10.324000000000002,41069.352963967445,367616,86016,1,OK,445400.0,128,95.19533004041311,92.98245614035088,12.0,10.66,-2.2140221402214055,57.89473684210527
36,335 × 2048,2048,335,0,-,410000.0,7110.0,10450.0,536.5,517.2,1053.7,10.537,38910.505836575874,646144,110592,1,OK,445400.0,128,92.05208801077683,92.17625899280576,23.7,20.9,-3.301886792452835,97.50000000000001
37,670 × 1,1,670,0,-,15000.0,160.0,200.0,42.5,23.5,66.0,0.66,22727.272727272728,41984,40960,1,OK,413300.0,128,3.6293249455601257,66.3716814159292,0.48484848484848486,0.3508771929824561,,
38,670 × 4,4,670,0,-,80100.0,140.0,180.0,118.2,101.2,219.4,2.194,36508.65998176846,57344,44032,1,OK,413300.0,128,19.380595209291073,91.75257731958763,0.42424242424242425,0.3157894736842105,434.0,-12.5
39,670 × 16,16,670,0,-,185100.0,200.0,250.0,220.9,224.9,445.8,4.458,41520.86137281292,73728,43008,1,OK,413300.0,128,44.78586982821195,92.64264264264264,0.6060606060606061,0.43859649122807015,131.08614232209737,42.85714285714286
40,670 × 64,64,670,0,-,404600.0,330.0,570.0,479.8,478.3,958.1,9.581,42229.412378666115,154624,44032,1,OK,413300.0,128,97.89499153157513,88.96218117854002,1.0,1.0,118.58454889249055,64.99999999999999
41,670 × 128,128,670,0,-,413300.0,580.0,1260.0,504.2,494.2,998.4,9.984,41396.23397435898,149504,50176,1,OK,413300.0,128,100.0,86.84597604538769,1.7575757575757576,2.210526315789474,2.1502718734552673,75.75757575757575
42,670 × 256,256,670,0,-,409400.0,1220.0,2250.0,510.9,490.3,1001.2,10.012,40890.93088294047,171008,57344,1,OK,413300.0,128,99.05637551415437,85.30943946655553,3.696969696969697,3.9473684210526314,-0.9436244858456289,110.34482758620689
43,670 × 512,512,670,0,-,398100.0,2490.0,3410.0,503.4,493.0,996.4,9.964,39953.833801686065,221184,68608,1,OK,413300.0,128,96.32228405516574,84.97331910352187,7.545454545454546,5.982456140350878,-2.760136785539813,104.0983606557377
44,670 × 1024,1024,670,0,-,389000.0,4050.0,5600.0,498.4,501.3,999.7,9.997,38911.67350205062,356352,86016,1,OK,413300.0,128,94.1204935881926,85.30701754385964,12.272727272727273,9.824561403508772,-2.28585782466717,62.65060240963856
45,670 × 2048,2048,670,0,-,377400.0,7700.0,11080.0,521.0,507.5,1028.5,10.285,36694.21487603306,630784,114688,1,OK,413300.0,128,91.31381563029277,84.84712230215827,23.333333333333332,19.43859649122807,-2.9820051413881776,90.12345679012346
46,1340 × 1,1,1340,0,-,21300.0,120.0,140.0,59.3,34.0,93.3,0.9329999999999999,22829.581993569132,44032,44032,1,OK,361300.0,128,5.895377802380294,94.24778761061947,0.34285714285714286,0.19718309859154928,,
47,1340 × 4,4,1340,0,-,80800.0,140.0,180.0,118.7,104.5,223.2,2.2319999999999998,36200.71684587814,52224,45056,1,OK,361300.0,128,22.363686686963742,92.55441008018327,0.4,0.2535211267605634,279.34272300469485,16.666666666666675
48,1340 × 16,16,1340,0,-,168700.0,220.0,280.0,211.6,215.5,427.1,4.271,39498.946382580194,72704,51200,1,OK,361300.0,128,46.69249930805425,84.43443443443444,0.6285714285714286,0.39436619718309857,108.78712871287131,57.14285714285714
49,1340 × 64,64,1340,0,-,354400.0,350.0,710.0,447.1,445.6,892.7,8.927,39699.78716254061,132096,50176,1,OK,361300.0,128,98.09022972598949,77.92436235708003,1.0,1.0,110.077059869591,59.09090909090908
50,1340 × 128,128,1340,0,-,361300.0,700.0,1370.0,466.3,454.4,920.7,9.207,39241.881177365045,129024,51200,1,OK,361300.0,128,100.0,75.91931077957554,2.0,1.9295774647887325,1.9469525959368017,100.0
51,1340 × 256,256,1340,0,-,352700.0,1450.0,2350.0,466.6,449.6,916.2,9.162,38495.96158044095,154624,56320,1,OK,361300.0,128,97.61970661500138,73.49447801625338,4.142857142857143,3.3098591549295775,-2.3802933849986108,107.14285714285717
52,1340 × 512,512,1340,0,-,345600.0,2880.0,3500.0,465.7,457.3,923.0,9.23,37443.120260021664,205824,65536,1,OK,361300.0,128,95.65458068087462,73.76734258271078,8.228571428571428,4.929577464788732,-2.0130422455344466,98.62068965517241
53,1340 × 1024,1024,1340,0,-,338500.0,5030.0,6210.0,467.9,468.2,936.0999999999999,9.360999999999999,36160.666595449205,355328,80896,1,OK,361300.0,128,93.68945474674786,74.23245614035088,14.371428571428572,8.746478873239436,-2.054398148148151,74.65277777777777
54,1340 × 2048,2048,1340,0,-,327200.0,9830.0,12270.0,484.5,472.5,957.0,9.57,34190.1776384535,644096,107520,1,OK,361300.0,128,90.56185995017991,73.56115107913669,28.085714285714285,17.281690140845072,-3.3382570162481584,95.42743538767395
55,3350 × 1,1,3350,0,-,19200.0,130.0,160.0,59.5,37.5,97.0,0.97,19793.81443298969,43008,40960,1,OK,185600.0,2048,10.344827586206897,84.95575221238938,0.1780821917808219,0.15841584158415842,,
56,3350 × 4,4,3350,0,-,53900.0,190.0,240.0,83.9,75.6,159.5,1.595,33793.10344827586,52224,43008,1,OK,185600.0,2048,29.040948275862068,61.741122565864835,0.2602739726027397,0.2376237623762376,180.72916666666666,46.153846153846146
57,3350 × 16,16,3350,0,-,109500.0,310.0,370.0,174.3,180.0,354.3,3.543,30906.01185436071,58368,45056,1,OK,185600.0,2048,58.997844827586206,54.8048048048048,0.4246575342465753,0.36633663366336633,103.15398886827461,63.1578947368421
58,3350 × 64,64,3350,0,-,166100.0,730.0,1010.0,272.3,263.3,535.6,5.356,31011.949215832712,72704,47104,1,OK,185600.0,2048,89.49353448275862,36.52154793315743,1.0,1.0,51.68949771689497,135.48387096774195
59,3350 × 128,128,3350,0,-,160300.0,1540.0,1970.0,268.2,254.3,522.5,5.225,30679.425837320578,86016,45056,1,OK,185600.0,2048,86.36853448275862,33.68354696364783,2.1095890410958904,1.9504950495049505,-3.491872366044546,110.95890410958904
60,3350 × 256,256,3350,0,-,162100.0,3080.0,3620.0,277.7,260.2,537.9,5.379,30135.71295779885,123904,53248,1,OK,185600.0,2048,87.33836206896552,33.777870389664514,4.219178082191781,3.5841584158415842,1.1228945726762252,100.0
61,3350 × 512,512,3350,0,-,171100.0,5930.0,6530.0,295.5,280.7,576.2,5.7620000000000005,29694.550503297465,204800,64512,1,OK,185600.0,2048,92.1875,36.52081109925294,8.123287671232877,6.465346534653466,5.55212831585441,92.53246753246754
62,3350 × 1024,1024,3350,0,-,178600.0,8380.0,12080.0,308.1,304.8,612.9000000000001,6.129000000000001,29140.153369228254,351232,75776,1,OK,185600.0,2048,96.22844827586206,39.166666666666664,11.479452054794521,11.96039603960396,4.383401519579189,41.315345699831376
63,3350 × 2048,2048,3350,0,-,185600.0,15110.0,20310.0,336.7,332.0,668.7,6.687,27755.34619410797,649216,107520,1,OK,185600.0,2048,100.0,41.726618705035975,20.698630136986303,20.10891089108911,3.919372900335949,80.31026252983293
